name,link,store_name,price,URL
"Samsung Odyssey G9 49"" 1440p Gaming Monitor For Student/EPP YMMV $1221",/f/14400899-samsung-odyssey-g9-49-1440p-gaming-monitor-for-student-epp-ymmv-1221?src=catpagev2,,"$1,221",https://slickdeals.net/computer-deals/
Lenovo 600 Wireless Media Mouse - $11.99 w/ Free Shipping,/f/14401436-lenovo-600-wireless-media-mouse-11-99-w-free-shipping?src=catpagev2,,,https://slickdeals.net/computer-deals/
"Private Internet Access (PIA) VPN - 2yr plan +3 months + 1 yr of Boxcryptor License, $69.95",/f/14401592-private-internet-access-pia-vpn-2yr-plan-3-months-1-yr-of-boxcryptor-license-69-95?src=catpagev2,,,https://slickdeals.net/computer-deals/
SanDisk - Extreme PLUS 256GB microSDXC UHS-I Memory Card $59.99,/f/14401445-sandisk-extreme-plus-256gb-microsdxc-uhs-i-memory-card-59-99?src=catpagev2,Best Buy,$59.99,https://slickdeals.net/computer-deals/
ABS Challenger Gaming PC - Ryzen 5 3600 - GeForce GTX 1660 - 8GB DDR4 - 512GB SSD for $699.99 + FS,/f/14401415-abs-challenger-gaming-pc-ryzen-5-3600-geforce-gtx-1660-8gb-ddr4-512gb-ssd-for-699-99-fs?src=catpagev2,Newegg,,https://slickdeals.net/computer-deals/
"27"" GIGABYTE G27QC Curved WQHD 165Hz FreeSync VA Monitor @Newegg $280",/f/14401391-27-gigabyte-g27qc-curved-wqhd-165hz-freesync-va-monitor-newegg-280?src=catpagev2,Newegg,$280,https://slickdeals.net/computer-deals/
Fractal Design Focus G Gunmetal Gray Mid Tower Case @Newegg,/f/14401388-fractal-design-focus-g-gunmetal-gray-mid-tower-case-newegg?src=catpagev2,Newegg,,https://slickdeals.net/computer-deals/
16GB (2x 8) Patriot Viper Blackout DDR4 4133 RAM Kit @Newegg $100,/f/14401382-16gb-2x-8-patriot-viper-blackout-ddr4-4133-ram-kit-newegg-100?src=catpagev2,Newegg,$100,https://slickdeals.net/computer-deals/
Logitech G305 LIGHTSPEED Wireless Mouse (Black) $39.99,/f/14400902-logitech-g305-lightspeed-wireless-mouse-black-39-99?src=catpagev2,Best Buy,$39.99,https://slickdeals.net/computer-deals/
"Intel 660P 512GB Solid State Drive - M.2 2280 Internal - PCIe 3.0 x4, NVMe for $52.99 + FS",/f/14401355-intel-660p-512gb-solid-state-drive-m-2-2280-internal-pcie-3-0-x4-nvme-for-52-99-fs?src=catpagev2,Newegg,,https://slickdeals.net/computer-deals/
ASUS TUF B550 & Z490 Motherboard with XPG TUF Memory: Starting at $219.98,/f/14400776-asus-tuf-b550-z490-motherboard-with-xpg-tuf-memory-starting-at-219-98?src=catpagev2,Newegg,,https://slickdeals.net/computer-deals/
AMD Ryzen 9 3950X Matisse 3.5GHz 16-Core AM4 Boxed Processor - MicroCenter B&M $679.99,/f/14399906-amd-ryzen-9-3950x-matisse-3-5ghz-16-core-am4-boxed-processor-microcenter-b-m-679-99?src=catpagev2,B&H Photo Video,$679.99,https://slickdeals.net/computer-deals/
LG 34BN670-B 34'' Ultrawide 2560x1080 75 Hz 500 nits HDR400 IPS FreeSync Monitor @ $300 + F/S (Today),/f/14401250-lg-34bn670-b-34-ultrawide-2560x1080-75-hz-500-nits-hdr400-ips-freesync-monitor-300-f-s-today?src=catpagev2,,$300,https://slickdeals.net/computer-deals/
ZoogVPN Lite: Lifetime Subscription - 5 Devices $15,/f/14400914-zoogvpn-lite-lifetime-subscription-5-devices-15?src=catpagev2,,,https://slickdeals.net/computer-deals/
Neewer Upgraded Microphone Scissor Arm - $38.99 + FSSS,/f/14401049-neewer-upgraded-microphone-scissor-arm-38-99-fsss?src=catpagev2,Amazon,,https://slickdeals.net/computer-deals/
PNY NVIDIA Quadro P400 Professional Graphics Board - (VCQP400-PB) Graphic Cards $102.97,/f/14400443-pny-nvidia-quadro-p400-professional-graphics-board-vcqp400-pb-graphic-cards-102-97?src=catpagev2,Amazon,$102.97,https://slickdeals.net/computer-deals/
"15.6"" Acer PM161Q bu FHD 60Hz 15ms Portable IPS Monitor $129.99",/f/14399318-15-6-acer-pm161q-bu-fhd-60hz-15ms-portable-ips-monitor-129-99?src=catpagev2,Amazon,$129.99,https://slickdeals.net/computer-deals/
Asus ROG Rapture GT-AX11000 Tri-Band 10 Gigabit WiFi Router $380 Amazon.com,/f/14400344-asus-rog-rapture-gt-ax11000-tri-band-10-gigabit-wifi-router-380-amazon-com?src=catpagev2,Amazon,$379.99,https://slickdeals.net/computer-deals/
"Acer 24"" Class Full HD Monitor $79.99",/f/14400668-acer-24-class-full-hd-monitor-79-99?src=catpagev2,TigerDirect,$79.99,https://slickdeals.net/computer-deals/
"Monoprice Thunderbolt 3 Mobile Dual DisplayPort Output Micro Adapter ($27, listed price $89.99) 4K@60Hz (usb-c)",/f/14400536-monoprice-thunderbolt-3-mobile-dual-displayport-output-micro-adapter-27-listed-price-89-99-4k-60hz-usb-c?src=catpagev2,,$27,https://slickdeals.net/computer-deals/
Game Developer Training + VPN Unlimited: Lifetime Sub + 1-Yr PlayStation Plus,/f/14398478-1-yr-playstation-plus-vpn-unlimited-lifetime-160-hours-game-development-training-60?src=catpagev2,StackSocial,$60,https://slickdeals.net/computer-deals/
"Alxum USB Type-C to IDE/SATA Hard Drive Adapter for 2.5"" & 3.5"" SSD HDD, Include 12V2A Power Adapter $19.49",/f/14399810-alxum-usb-type-c-to-ide-sata-hard-drive-adapter-for-2-5-3-5-ssd-hdd-include-12v2a-power-adapter-19-49?src=catpagev2,Amazon,,https://slickdeals.net/computer-deals/
YMMV: Logitech G403 Gaming Mouse- $27.49 in-store at Target,/f/14400293-ymmv-logitech-g403-gaming-mouse-27-49-in-store-at-target?src=catpagev2,Target,$27.49,https://slickdeals.net/computer-deals/
Dell Inspiron 13.3inch 7000 2-in-1 4K Ultra HD Touch-Screen Laptop Intel Core i7 16GB Memory 512GB SSD + 32GB Optane Black I7391-7520BLK-PUS - Best Buy,/f/14400071-dell-inspiron-13-3inch-7000-2-in-1-4k-ultra-hd-touch-screen-laptop-intel-core-i7-16gb-memory-512gb-ssd-32gb-optane-black-i7391-7520blk-pus-best-buy?src=catpagev2,Best Buy,$899.98,https://slickdeals.net/computer-deals/
"Samsung SE450 Series LED Monitor - 21.5"", TN, 1920x1080 $86.99 Free Shipping",/f/14399762-samsung-se450-series-led-monitor-21-5-tn-1920x1080-86-99-free-shipping?src=catpagev2,TigerDirect,$86.99,https://slickdeals.net/computer-deals/
CORSAIR Vengeance RGB Pro 16GB (2 x 8GB) 288-Pin DDR4 DRAM DDR4 3200 (PC4 25600) Desktop Memory $82.99 AC + FS,/f/14399045-corsair-vengeance-rgb-pro-16gb-2-x-8gb-288-pin-ddr4-dram-ddr4-3200-pc4-25600-desktop-memory-82-99-ac-fs?src=catpagev2,Newegg,,https://slickdeals.net/computer-deals/
Roboform 50% off via BitsDuJour discount code,/f/14397026-roboform-50-off-via-bitsdujour-discount-code?src=catpagev2,,$11.90,https://slickdeals.net/computer-deals/
Antec Dapper Dark Phantom DP301M Tempered Glass Micro-ATX Case (Steel / ARGB) @Newegg (AR) $45,/f/14399279-antec-dapper-dark-phantom-dp301m-tempered-glass-micro-atx-case-steel-argb-newegg-ar-45?src=catpagev2,Newegg,$45,https://slickdeals.net/computer-deals/
"Samsung Odyssey G9 49"" 1440p Gaming Monitor For Student/EPP YMMV $1221",/f/14400899-samsung-odyssey-g9-49-1440p-gaming-monitor-for-student-epp-ymmv-1221?src=catpagev2,,"$1,221",https://slickdeals.net/computer-deals/?page=2
Lenovo 600 Wireless Media Mouse - $11.99 w/ Free Shipping,/f/14401436-lenovo-600-wireless-media-mouse-11-99-w-free-shipping?src=catpagev2,,,https://slickdeals.net/computer-deals/?page=2
"Private Internet Access (PIA) VPN - 2yr plan +3 months + 1 yr of Boxcryptor License, $69.95",/f/14401592-private-internet-access-pia-vpn-2yr-plan-3-months-1-yr-of-boxcryptor-license-69-95?src=catpagev2,,,https://slickdeals.net/computer-deals/?page=2
SanDisk - Extreme PLUS 256GB microSDXC UHS-I Memory Card $59.99,/f/14401445-sandisk-extreme-plus-256gb-microsdxc-uhs-i-memory-card-59-99?src=catpagev2,Best Buy,$59.99,https://slickdeals.net/computer-deals/?page=2
ABS Challenger Gaming PC - Ryzen 5 3600 - GeForce GTX 1660 - 8GB DDR4 - 512GB SSD for $699.99 + FS,/f/14401415-abs-challenger-gaming-pc-ryzen-5-3600-geforce-gtx-1660-8gb-ddr4-512gb-ssd-for-699-99-fs?src=catpagev2,Newegg,,https://slickdeals.net/computer-deals/?page=2
"27"" GIGABYTE G27QC Curved WQHD 165Hz FreeSync VA Monitor @Newegg $280",/f/14401391-27-gigabyte-g27qc-curved-wqhd-165hz-freesync-va-monitor-newegg-280?src=catpagev2,Newegg,$280,https://slickdeals.net/computer-deals/?page=2
Fractal Design Focus G Gunmetal Gray Mid Tower Case @Newegg,/f/14401388-fractal-design-focus-g-gunmetal-gray-mid-tower-case-newegg?src=catpagev2,Newegg,,https://slickdeals.net/computer-deals/?page=2
16GB (2x 8) Patriot Viper Blackout DDR4 4133 RAM Kit @Newegg $100,/f/14401382-16gb-2x-8-patriot-viper-blackout-ddr4-4133-ram-kit-newegg-100?src=catpagev2,Newegg,$100,https://slickdeals.net/computer-deals/?page=2
Logitech G305 LIGHTSPEED Wireless Mouse (Black) $39.99,/f/14400902-logitech-g305-lightspeed-wireless-mouse-black-39-99?src=catpagev2,Best Buy,$39.99,https://slickdeals.net/computer-deals/?page=2
"Intel 660P 512GB Solid State Drive - M.2 2280 Internal - PCIe 3.0 x4, NVMe for $52.99 + FS",/f/14401355-intel-660p-512gb-solid-state-drive-m-2-2280-internal-pcie-3-0-x4-nvme-for-52-99-fs?src=catpagev2,Newegg,,https://slickdeals.net/computer-deals/?page=2
ASUS TUF B550 & Z490 Motherboard with XPG TUF Memory: Starting at $219.98,/f/14400776-asus-tuf-b550-z490-motherboard-with-xpg-tuf-memory-starting-at-219-98?src=catpagev2,Newegg,,https://slickdeals.net/computer-deals/?page=2
AMD Ryzen 9 3950X Matisse 3.5GHz 16-Core AM4 Boxed Processor - MicroCenter B&M $679.99,/f/14399906-amd-ryzen-9-3950x-matisse-3-5ghz-16-core-am4-boxed-processor-microcenter-b-m-679-99?src=catpagev2,B&H Photo Video,$679.99,https://slickdeals.net/computer-deals/?page=2
LG 34BN670-B 34'' Ultrawide 2560x1080 75 Hz 500 nits HDR400 IPS FreeSync Monitor @ $300 + F/S (Today),/f/14401250-lg-34bn670-b-34-ultrawide-2560x1080-75-hz-500-nits-hdr400-ips-freesync-monitor-300-f-s-today?src=catpagev2,,$300,https://slickdeals.net/computer-deals/?page=2
ZoogVPN Lite: Lifetime Subscription - 5 Devices $15,/f/14400914-zoogvpn-lite-lifetime-subscription-5-devices-15?src=catpagev2,,,https://slickdeals.net/computer-deals/?page=2
Neewer Upgraded Microphone Scissor Arm - $38.99 + FSSS,/f/14401049-neewer-upgraded-microphone-scissor-arm-38-99-fsss?src=catpagev2,Amazon,,https://slickdeals.net/computer-deals/?page=2
PNY NVIDIA Quadro P400 Professional Graphics Board - (VCQP400-PB) Graphic Cards $102.97,/f/14400443-pny-nvidia-quadro-p400-professional-graphics-board-vcqp400-pb-graphic-cards-102-97?src=catpagev2,Amazon,$102.97,https://slickdeals.net/computer-deals/?page=2
"15.6"" Acer PM161Q bu FHD 60Hz 15ms Portable IPS Monitor $129.99",/f/14399318-15-6-acer-pm161q-bu-fhd-60hz-15ms-portable-ips-monitor-129-99?src=catpagev2,Amazon,$129.99,https://slickdeals.net/computer-deals/?page=2
Asus ROG Rapture GT-AX11000 Tri-Band 10 Gigabit WiFi Router $380 Amazon.com,/f/14400344-asus-rog-rapture-gt-ax11000-tri-band-10-gigabit-wifi-router-380-amazon-com?src=catpagev2,Amazon,$379.99,https://slickdeals.net/computer-deals/?page=2
"Acer 24"" Class Full HD Monitor $79.99",/f/14400668-acer-24-class-full-hd-monitor-79-99?src=catpagev2,TigerDirect,$79.99,https://slickdeals.net/computer-deals/?page=2
"Monoprice Thunderbolt 3 Mobile Dual DisplayPort Output Micro Adapter ($27, listed price $89.99) 4K@60Hz (usb-c)",/f/14400536-monoprice-thunderbolt-3-mobile-dual-displayport-output-micro-adapter-27-listed-price-89-99-4k-60hz-usb-c?src=catpagev2,,$27,https://slickdeals.net/computer-deals/?page=2
Game Developer Training + VPN Unlimited: Lifetime Sub + 1-Yr PlayStation Plus,/f/14398478-1-yr-playstation-plus-vpn-unlimited-lifetime-160-hours-game-development-training-60?src=catpagev2,StackSocial,$60,https://slickdeals.net/computer-deals/?page=2
"Alxum USB Type-C to IDE/SATA Hard Drive Adapter for 2.5"" & 3.5"" SSD HDD, Include 12V2A Power Adapter $19.49",/f/14399810-alxum-usb-type-c-to-ide-sata-hard-drive-adapter-for-2-5-3-5-ssd-hdd-include-12v2a-power-adapter-19-49?src=catpagev2,Amazon,,https://slickdeals.net/computer-deals/?page=2
YMMV: Logitech G403 Gaming Mouse- $27.49 in-store at Target,/f/14400293-ymmv-logitech-g403-gaming-mouse-27-49-in-store-at-target?src=catpagev2,Target,$27.49,https://slickdeals.net/computer-deals/?page=2
Dell Inspiron 13.3inch 7000 2-in-1 4K Ultra HD Touch-Screen Laptop Intel Core i7 16GB Memory 512GB SSD + 32GB Optane Black I7391-7520BLK-PUS - Best Buy,/f/14400071-dell-inspiron-13-3inch-7000-2-in-1-4k-ultra-hd-touch-screen-laptop-intel-core-i7-16gb-memory-512gb-ssd-32gb-optane-black-i7391-7520blk-pus-best-buy?src=catpagev2,Best Buy,$899.98,https://slickdeals.net/computer-deals/?page=2
"Samsung SE450 Series LED Monitor - 21.5"", TN, 1920x1080 $86.99 Free Shipping",/f/14399762-samsung-se450-series-led-monitor-21-5-tn-1920x1080-86-99-free-shipping?src=catpagev2,TigerDirect,$86.99,https://slickdeals.net/computer-deals/?page=2
CORSAIR Vengeance RGB Pro 16GB (2 x 8GB) 288-Pin DDR4 DRAM DDR4 3200 (PC4 25600) Desktop Memory $82.99 AC + FS,/f/14399045-corsair-vengeance-rgb-pro-16gb-2-x-8gb-288-pin-ddr4-dram-ddr4-3200-pc4-25600-desktop-memory-82-99-ac-fs?src=catpagev2,Newegg,,https://slickdeals.net/computer-deals/?page=2
Roboform 50% off via BitsDuJour discount code,/f/14397026-roboform-50-off-via-bitsdujour-discount-code?src=catpagev2,,$11.90,https://slickdeals.net/computer-deals/?page=2
Antec Dapper Dark Phantom DP301M Tempered Glass Micro-ATX Case (Steel / ARGB) @Newegg (AR) $45,/f/14399279-antec-dapper-dark-phantom-dp301m-tempered-glass-micro-atx-case-steel-argb-newegg-ar-45?src=catpagev2,Newegg,$45,https://slickdeals.net/computer-deals/?page=2
"Gigabyte - 15.6"" FHD Gaming Laptop - Intel Core i7- 16GB - NVIDIA GeForce RTX 2060 - 512GD HDD- Black $1499.99 + FS",/f/14398880-gigabyte-15-6-fhd-gaming-laptop-intel-core-i7-16gb-nvidia-geforce-rtx-2060-512gd-hdd-black-1499-99-fs?src=catpagev2,Best Buy,,https://slickdeals.net/computer-deals/?page=3
SanDisk - Ultra 1TB Internal PCI Express 3.0 x4 (NVMe) SSD @BestBuy $105,/f/14398859-sandisk-ultra-1tb-internal-pci-express-3-0-x4-nvme-ssd-bestbuy-105?src=catpagev2,Best Buy,$105,https://slickdeals.net/computer-deals/?page=3
Intel Core i7-10700 CPU + ASUS ROG STRIX Z490-F Motherboard + Marvel's Avengers,/f/14396765-intel-core-i7-10700-cpu-asus-rog-strix-z490-f-motherboard-marvel-s-avengers-500-free-shipping?src=catpagev2,Newegg,$500,https://slickdeals.net/computer-deals/?page=3
YMMV: Logitech G613 Mechanical Gaming  Keyboard - $39.99 in-store at Target,/f/14396702-ymmv-logitech-g613-mechanical-gaming-keyboard-39-99-in-store-at-target?src=catpagev2,Target,$39.99,https://slickdeals.net/computer-deals/?page=3
Intel i9-10850KA CPU + ASUS ROG STRIX Z490-F Gaming Motherboard + 8GB OLOy RAM,/f/14396771-intel-i9-10850ka-cpu-asus-rog-strix-z490-f-gaming-motherboard-8gb-oloy-ram-629-free-shipping?src=catpagev2,Newegg,$629,https://slickdeals.net/computer-deals/?page=3
"Lenovo Legion 7i, 15.6"" i7-10750H, GeForce RTX 2070 with Max-Q 8GB, 16GB, 512GB SSD, Win 10 Home Gaming Laptop - $1399.99 + FS",/f/14399120-lenovo-legion-7i-15-6-i7-10750h-geforce-rtx-2070-with-max-q-8gb-16gb-512gb-ssd-win-10-home-gaming-laptop-1399-99-fs?src=catpagev2,Newegg,,https://slickdeals.net/computer-deals/?page=3
"Amazon: Crucial P2 1TB 3D NAND NVMe PCIe M.2 SSD, $105",/f/14399105-amazon-crucial-p2-1tb-3d-nand-nvme-pcie-m-2-ssd-105?src=catpagev2,Amazon,$105,https://slickdeals.net/computer-deals/?page=3
Rosewill RC-20001 PCI-Express x1 2.5GBASE-T PCIe Network Adapter @Newegg $26,/f/14399096-rosewill-rc-20001-pci-express-x1-2-5gbase-t-pcie-network-adapter-newegg-26?src=catpagev2,Newegg,$26,https://slickdeals.net/computer-deals/?page=3
Neewer Tabletop Microphone Isolation Shield w/ Stand for $29.99 + FSSS,/f/14398565-neewer-tabletop-microphone-isolation-shield-w-stand-for-29-99-fsss?src=catpagev2,Amazon,,https://slickdeals.net/computer-deals/?page=3
Razer BlackWidow Elite Mechanical Gaming Keyboard RGB Green Mechanical Switches (refurb) $85 + FS,/f/14398913-razer-blackwidow-elite-mechanical-gaming-keyboard-rgb-green-mechanical-switches-refurb-85-fs?src=catpagev2,eBay,,https://slickdeals.net/computer-deals/?page=3
Logitech MK270 Wireless Keyboard & Mouse,/f/14396444-logitech-mk270-wireless-keyboard-and-mouse-combo-keyboard-and-mouse-included-2-4ghz-dropout-free-connection-long-battery-life-frustration-free-packaging-17-88?src=catpagev2,Walmart,$17.90,https://slickdeals.net/computer-deals/?page=3
"Staples Offer - HP P22h G4 9UJ12A8#ABA 21.5"" LED HD Monitor, Black for $94.99",/f/14398346-staples-offer-hp-p22h-g4-9uj12a8-aba-21-5-led-hd-monitor-black-for-94-99?src=catpagev2,Staples,$94.99,https://slickdeals.net/computer-deals/?page=3
UGREEN USB 3.0 Hub 4 Port Ultra Slim Data Hub with 5V Micro USB Power  $9.09 + Free Shipping w/ Prime or Orders $25+,/f/14398619-ugreen-usb-3-0-hub-4-port-ultra-slim-data-hub-with-5v-micro-usb-power-9-09-free-shipping-w-prime-or-orders-25?src=catpagev2,Amazon,$9.09,https://slickdeals.net/computer-deals/?page=3
"CyberPowerPC Tracer III Evo 15 Gaming Laptop: i7 9750H, 500GB SSD, GTX 1660 Ti",/f/14396069-cyberpowerpc-tracer-iii-evo-15-gaming-laptop-9750h-1660ti-16gb-ddr4-500gb-94whr-144hz-rgb-mechanical-keyboard-849?src=catpagev2,,$849,https://slickdeals.net/computer-deals/?page=3
"Dell 24"" Touch Screen Monitor (P2418HT) for $249.00 @ Microsoft Store",/f/14398349-dell-24-touch-screen-monitor-p2418ht-for-249-00-microsoft-store?src=catpagev2,,$249,https://slickdeals.net/computer-deals/?page=3
"Mophie Powerstation Plus 6,000mAh Portable Battery MFI Apple Lightning Micro USB",/f/14396054-mophie-powerstation-plus-6-000mah-portable-battery-mfi-apple-lightning-micro-usb-7-75-free-shipping?src=catpagev2,eBay,$7.75,https://slickdeals.net/computer-deals/?page=3
Google store/Best buy/Target: Google Wifi - Mesh Wi-Fi Router relaunched at $99 for 1 pack| $199 for 3 pack,/f/14397461-google-store-best-buy-target-google-wifi-mesh-wi-fi-router-relaunched-at-99-for-1-pack-199-for-3-pack?src=catpagev2,Best Buy,$99,https://slickdeals.net/computer-deals/?page=3
"The 2021 All-In-One AWS, Cisco & CompTIA Super Certification Bundle (Lifetime Access) $59.40",/f/14397968-the-2021-all-in-one-aws-cisco-comptia-super-certification-bundle-lifetime-access-59-40?src=catpagev2,,,https://slickdeals.net/computer-deals/?page=3
"Lenovo Legion 7i, 15.6"" FHD IPS 500 nits, i7-10750H, GeForce RTX 2070 Super Max-Q 8GB, 16GB, 1.5TB SSD Gaming Laptop - $1679.99 + FS",/f/14396324-lenovo-legion-7i-15-6-fhd-ips-500-nits-i7-10750h-geforce-rtx-2070-super-max-q-8gb-16gb-1-5tb-ssd-gaming-laptop-1679-99-fs?src=catpagev2,Newegg,"$1,679.99",https://slickdeals.net/computer-deals/?page=3
Microsoft Company Store discount from Microsoft Ignite YMMV $1,/f/14397797-microsoft-company-store-discount-from-microsoft-ignite-ymmv-1?src=catpagev2,,$1,https://slickdeals.net/computer-deals/?page=3
UGREEN Cat 7 Ethernet Cable Shielded Gigabit Flat Cat7 RJ45 LAN Cable  $4.19 + FS w/ Prime or Orders $25+,/f/14395826-ugreen-cat-7-ethernet-cable-shielded-gigabit-flat-cat7-rj45-lan-cable-4-19-fs-w-prime-or-orders-25?src=catpagev2,Amazon,$4.19,https://slickdeals.net/computer-deals/?page=3
ThinkPad TrackPoint Wireless Bluetooth Keyboard II,/f/14395208-thinkpad-trackpoint-keyboard-ii-77-39?src=catpagev2,,$77.40,https://slickdeals.net/computer-deals/?page=3
Team 128GB Dash Card microSDXC UHS-I/U1 Class 10 Memory Card with Adapter $12.99 + FS,/f/14396453-team-128gb-dash-card-microsdxc-uhs-i-u1-class-10-memory-card-with-adapter-12-99-fs?src=catpagev2,Newegg,,https://slickdeals.net/computer-deals/?page=3
"32"" Westinghouse WM32DX9019 2560x1440 WQHD 144Hz LED Gaming Monitor",/f/14395295-westinghouse-wm32dx9019-32-wqhd-2560-x-1440-2k-resolution-144hz-hdmi-vga-displayport-amd-freesync-technology-flicker-free-anti-glare-widescreen-backlit-led-gaming-monitor-239-99?src=catpagev2,Newegg,$245,https://slickdeals.net/computer-deals/?page=3
"32GB Lenovo Smart Tab M8 8"" Tablet w/ Charging Dock",/f/14394728-lenovo-smart-tab-m8-8-tablet-including-dock-w-google-assistant-90?src=catpagev2,Lenovo,$90,https://slickdeals.net/computer-deals/?page=3
"Samsung 256GB ""FIT Plus"" (mini) USB Drive, $34.99 at Amazon",/f/14395343-samsung-256gb-fit-plus-mini-usb-drive-34-99-at-amazon?src=catpagev2,Amazon,$34.99,https://slickdeals.net/computer-deals/?page=3
128GB Samsung Pro Endurance U1 microSDXC Memory Card w/ Adapter,/f/14393798-128gb-samsung-pro-endurance-u1-microsdxc-memory-card-w-adapter-28-free-shipping?src=catpagev2,B&H Photo Video,$28,https://slickdeals.net/computer-deals/?page=3
2x Western Digital WD BLACK SN750 NVMe M.2 2280 500GB PCI-Express 3.0 x4 64-layer 3D NAND Internal Solid State Drive (SSD) WDS500G3X0C $119.98,/f/14396474-2x-western-digital-wd-black-sn750-nvme-m-2-2280-500gb-pci-express-3-0-x4-64-layer-3d-nand-internal-solid-state-drive-ssd-wds500g3x0c-119-98?src=catpagev2,Newegg,$119.98,https://slickdeals.net/computer-deals/?page=3
Malwarebytes Anti-Malware Premium 1 YR / 3 PC - Key Card @ Newegg $25,/f/14396399-malwarebytes-anti-malware-premium-1-yr-3-pc-key-card-newegg-25?src=catpagev2,Newegg,$25,https://slickdeals.net/computer-deals/?page=4
2x 500GB WD BLACK SN750 NVMe M.2 2280 SSD @Newegg $120,/f/14396384-2x-500gb-wd-black-sn750-nvme-m-2-2280-ssd-newegg-120?src=catpagev2,Newegg,$120,https://slickdeals.net/computer-deals/?page=4
2TB WD Blue 3D NAND m.2 SATA SSD @Newegg $200,/f/14396375-2tb-wd-blue-3d-nand-m-2-sata-ssd-newegg-200?src=catpagev2,Newegg,$200,https://slickdeals.net/computer-deals/?page=4
Get Backup Pro 3 - $9.99 (50% off),/f/14396249-get-backup-pro-3-9-99-50-off?src=catpagev2,,$9.99,https://slickdeals.net/computer-deals/?page=4
"Lenovo Legion 5: 15.6'' FHD 500 nits 240 Hz IPS, i7-10750H, RTX 2060, 16GB DDR4, 512GB PCIe SSD, Win10H @ $1149 + F/S",/f/14396243-lenovo-legion-5-15-6-fhd-500-nits-240-hz-ips-i7-10750h-rtx-2060-16gb-ddr4-512gb-pcie-ssd-win10h-1149-f-s?src=catpagev2,,"$1,149",https://slickdeals.net/computer-deals/?page=4
SAMSUNG: EVO Select 128GB microSDXC UHS-I U3 100MB/s Full HD & 4K UHD Memory Card with Adapter (MB-ME128HA) $18.49,/f/14395781-samsung-evo-select-128gb-microsdxc-uhs-i-u3-100mb-s-full-hd-4k-uhd-memory-card-with-adapter-mb-me128ha-18-49?src=catpagev2,Amazon,$18.49,https://slickdeals.net/computer-deals/?page=4
"Swagbucks and Staples NYC: Make any purchase in-store and earn 2,000 SB!",/f/14396003-swagbucks-and-staples-nyc-make-any-purchase-in-store-and-earn-2-000-sb?src=catpagev2,,,https://slickdeals.net/computer-deals/?page=4
Samsung T7 Touch 1TB Portable SSD - $169.99,/f/14395298-samsung-t7-touch-1tb-portable-ssd-169-99?src=catpagev2,,$169.99,https://slickdeals.net/computer-deals/?page=4
Rosewill - Wifi Cards and Wifi USB Adapters from $14.99 + FS w/ Prime or Orders $25+,/f/14395175-rosewill-wifi-cards-and-wifi-usb-adapters-from-14-99-fs-w-prime-or-orders-25?src=catpagev2,Amazon,$14.99,https://slickdeals.net/computer-deals/?page=4
"Lenovo IdeaPad 5 14"" Laptop, Intel i5, 8GB Memory, 256GB SSD, Windows 10 Home $469",/f/14393156-lenovo-ideapad-5-14-laptop-intel-i5-8gb-memory-256gb-ssd-windows-10-home-469?src=catpagev2,Staples,$469.99,https://slickdeals.net/computer-deals/?page=4
"ASUS VP28UQG 28"" 4K UHD 60Hz HDMI  $239",/f/14393777-asus-vp28uqg-28-4k-uhd-60hz-hdmi-239?src=catpagev2,,$239,https://slickdeals.net/computer-deals/?page=4
Logitech G305 LIGHTSPEED Wireless Mouse black or white $39.99 shipped $39.97,/f/14394875-logitech-g305-lightspeed-wireless-mouse-black-or-white-39-99-shipped-39-97?src=catpagev2,Best Buy,$39.97,https://slickdeals.net/computer-deals/?page=4
"ASUS VivoBook 15 Laptop, 15.6” FHD Display, Intel i3-1005G1, 8GB RAM, 128GB SSD $380.50 + Free Shipping",/f/14394824-asus-vivobook-15-laptop-15-6-fhd-display-intel-i3-1005g1-8gb-ram-128gb-ssd-380-50-free-shipping?src=catpagev2,Amazon,$380.50,https://slickdeals.net/computer-deals/?page=4
"27"" Dell D2721H 1920x1080 60Hz 5ms IPS Monitor",/f/14392439-27-dell-d2721h-1920x1080-60hz-5ms-ips-monitor-120-free-shipping?src=catpagev2,,$120,https://slickdeals.net/computer-deals/?page=4
"Wireless Mouse Rechargeable, Inphic Ultra Thin 1600 DPI Mini 2.4G $6.99",/f/14394575-wireless-mouse-rechargeable-inphic-ultra-thin-1600-dpi-mini-2-4g-6-99?src=catpagev2,Amazon,$6.99,https://slickdeals.net/computer-deals/?page=4
XPG SPECTRIX D60G RGB Gaming Memory: 32GB (2x16GB) DDR4 3600MHz CL18 GREY $139.99 + FS,/f/14393609-xpg-spectrix-d60g-rgb-gaming-memory-32gb-2x16gb-ddr4-3600mhz-cl18-grey-139-99-fs?src=catpagev2,Newegg,,https://slickdeals.net/computer-deals/?page=4
128GB PNY Elite Turbo Attache 4 USB 3.0 Flash Drive  @ Best Buy $15,/f/14393492-128gb-pny-elite-turbo-attache-4-usb-3-0-flash-drive-best-buy-15?src=catpagev2,Best Buy,$15,https://slickdeals.net/computer-deals/?page=4
32GB (2x16GB) ADATA XPG GAMMIX D30 DDR4 3200 Desktop Memory (Black),/f/14391704-xpg-gammix-d30-gaming-memory-32gb-2x16gb-ddr4-3200mhz-cl16-black-99-99-fs?src=catpagev2,Newegg,$100,https://slickdeals.net/computer-deals/?page=4
"32"" LG 32QN600-B 2560x1440 QHD HDR FreeSync IPS Monitor",/f/14391731-lg-32qn600-b-32-inch-qhd-2560-x-1440-ips-monitor-with-hdr-10-amd-freesync-with-dual-hdmi-input-for-249-99-fsss?src=catpagev2,Amazon,$250,https://slickdeals.net/computer-deals/?page=4
"Apple MacBook Pro (16-inch, 16GB RAM, 512GB Storage, 2.6GHz Intel Core i7) - Space Gray $2099",/f/14392463-apple-macbook-pro-16-inch-16gb-ram-512gb-storage-2-6ghz-intel-core-i7-space-gray-2099?src=catpagev2,Amazon,"$2,099",https://slickdeals.net/computer-deals/?page=4
YMMV - Amazon Get $50 off $100 when you use American Express Membership Awards,/f/14391623-ymmv-amazon-get-50-off-100-when-you-use-american-express-membership-awards?src=catpagev2,Amazon,$50,https://slickdeals.net/computer-deals/?page=4
"Mighty Python Bundle (137+ Hrs Video) $40, Mighty Web Development Bundle (358+ Hrs Video) $42.50@ Eduonix",/f/14391920-mighty-python-bundle-137-hrs-video-40-mighty-web-development-bundle-358-hrs-video-42-50-eduonix?src=catpagev2,,$40,https://slickdeals.net/computer-deals/?page=4
"T-Force VULCAN 2.5"" 500GB SSD (has DRAM)",/f/14392172-t-force-vulcan-2-5-500gb-ssd-has-dram?src=catpagev2,Newegg,$53,https://slickdeals.net/computer-deals/?page=4
"Lenovo® IdeaPad 3 Laptop, 15.6"" Screen, AMD Ryzen 5, 8GB Memory, 1TB Hard Drive, Windows® 10, 81W4000AUS $449.99",/f/14392775-lenovo-ideapad-3-laptop-15-6-screen-amd-ryzen-5-8gb-memory-1tb-hard-drive-windows-10-81w4000aus-449-99?src=catpagev2,Office Depot and OfficeMax,$449.99,https://slickdeals.net/computer-deals/?page=4
Refurbished: Logitech G910 Orion Spectrum RGB USB Mechanical Gaming Keyboard - (920-008012)   $54.99 free shipping,/f/14391770-refurbished-logitech-g910-orion-spectrum-rgb-usb-mechanical-gaming-keyboard-920-008012-54-99-free-shipping?src=catpagev2,eBay,$54.99,https://slickdeals.net/computer-deals/?page=4
"480GB Mushkin Enhanced RAW Series 3D TLC 2.5"" SSD @Newegg $42",/f/14391848-480gb-mushkin-enhanced-raw-series-3d-tlc-2-5-ssd-newegg-42?src=catpagev2,Newegg,$42,https://slickdeals.net/computer-deals/?page=4
"Apple MacBook Pro (Late 2019, Open Box): 16"" i7, 16GB DDR4, 512GB SSD $1699.99+ Free Shipping",/f/14391041-apple-macbook-pro-late-2019-open-box-16-i7-16gb-ddr4-512gb-ssd-1699-99-free-shipping?src=catpagev2,eBay,"$1,699.99",https://slickdeals.net/computer-deals/?page=4
"TEAM C188 256GB USB 3.1 Flash Drive, up to 130 MB/S @ $22.99 + F/S",/f/14391746-team-c188-256gb-usb-3-1-flash-drive-up-to-130-mb-s-22-99-f-s?src=catpagev2,Newegg,$22.99,https://slickdeals.net/computer-deals/?page=4
Mount-It! - Dual Monitor Desk Stand $50,/f/14391593-mount-it-dual-monitor-desk-stand-50?src=catpagev2,Best Buy,$49.99,https://slickdeals.net/computer-deals/?page=5
HP Laptop AMD 3020e 1Z9Y6UAABA - Office Depot $239,/f/14390756-hp-laptop-amd-3020e-1z9y6uaaba-office-depot-239?src=catpagev2,,$239,https://slickdeals.net/computer-deals/?page=5
"AAFES Military/Veteran only - Apple iPad 10.2 in. 32GB with Wi-Fi (7th Gen), free shipping, no tax, Free 1-year Apple TV+ subscription $249",/f/14391260-aafes-military-veteran-only-apple-ipad-10-2-in-32gb-with-wi-fi-7th-gen-free-shipping-no-tax-free-1-year-apple-tv-subscription-249?src=catpagev2,,$249,https://slickdeals.net/computer-deals/?page=5
Insignia™ - Wired Keypad - Black $5,/f/14391599-insignia-wired-keypad-black-5?src=catpagev2,Best Buy,$5,https://slickdeals.net/computer-deals/?page=5
Corsair Vengeance LPX 16GB (2x8GB) DDR4 3200MHz C16 RAM $65.99,/f/14390750-corsair-vengeance-lpx-16gb-2x8gb-ddr4-3200mhz-c16-ram-65-99?src=catpagev2,Newegg,$65.99,https://slickdeals.net/computer-deals/?page=5
Dell New XPS 15 9500 - Core i7-10750H - Nvidia GTX 1650ti - 8/256 - Graphite or White Frost - low as $1223.32,/f/14388701-dell-new-xps-15-9500-core-i7-10750h-nvidia-gtx-1650ti-8-256-graphite-or-white-frost-low-as-1223-32?src=catpagev2,Dell Home & Office,"$1,223.32",https://slickdeals.net/computer-deals/?page=5
Apple iPad (8th Gen) Wi-Fi 32GB @Microcenter $300,/f/14390318-apple-ipad-8th-gen-wi-fi-32gb-microcenter-300?src=catpagev2,,$300,https://slickdeals.net/computer-deals/?page=5
TP-Link 150 MBPS Wifi Adapter | N150 Single Band Wireless to USB 2.0 (nano size) $7.59 + Free Shipping,/f/14390798-tp-link-150-mbps-wifi-adapter-n150-single-band-wireless-to-usb-2-0-nano-size-7-59-free-shipping?src=catpagev2,,$7.59,https://slickdeals.net/computer-deals/?page=5
Clearance Raspberry Pi 3 B+ Kits and Accessories (Target YMMV In-Store Up to 70% OFF),/f/14388242-clearance-raspberry-pi-3-b-kits-and-accessories-target-ymmv-in-store-up-to-70-off?src=catpagev2,Target,,https://slickdeals.net/computer-deals/?page=5
"Acer Aspire 3: 15.6'' FHD, i5-1035G1, 8GB DDR4, 256GB PCIe SSD, Win10H @ $349 + F/S",/f/14388653-acer-aspire-3-15-6-fhd-i5-1035g1-8gb-ddr4-256gb-pcie-ssd-win10h-349-f-s?src=catpagev2,Walmart,$349,https://slickdeals.net/computer-deals/?page=5
256GB Team Elite A1 U3 4K UHD microSDXC Card w/ Adapter @Newegg $25,/f/14389994-256gb-team-elite-a1-u3-4k-uhd-microsdxc-card-w-adapter-newegg-25?src=catpagev2,Newegg,$24.99,https://slickdeals.net/computer-deals/?page=5
"960GB Mushkin Enhanced RAW Series 2.5"" SSD @Newegg $79",/f/14390117-960gb-mushkin-enhanced-raw-series-2-5-ssd-newegg-79?src=catpagev2,Newegg,$78.99,https://slickdeals.net/computer-deals/?page=5
Amcrest 1080P Webcam with Microphone and Privacy Cover (AWC195-B) @Amazon - Prime FS - $33.99,/f/14388377-amcrest-1080p-webcam-with-microphone-and-privacy-cover-awc195-b-amazon-prime-fs-33-99?src=catpagev2,Amazon,$33.99,https://slickdeals.net/computer-deals/?page=5
"Dell G7 15 Gaming Laptop: Intel Core i7-10750H, 15.6"" 1080p 144Hz IPS, 16GB DDR4, 512GB SSD, GTX 1660 Ti, Thunderbolt 3 $1075.50 & More @ Dell",/f/14388338-dell-g7-15-gaming-laptop-intel-core-i7-10750h-15-6-1080p-144hz-ips-16gb-ddr4-512gb-ssd-gtx-1660-ti-thunderbolt-3-1075-50-more-dell?src=catpagev2,,"$1,079.99",https://slickdeals.net/computer-deals/?page=5
"AOPEN 32HC1QUR Pbidpx 31.5-inch 1800R Curved WQHD (2560 x 1440) Gaming Monitor with AMD Radeon FreeSync Technology (Display, HDMI & DVI Ports) - limited stock $279.99",/f/14388845-aopen-32hc1qur-pbidpx-31-5-inch-1800r-curved-wqhd-2560-x-1440-gaming-monitor-with-amd-radeon-freesync-technology-display-hdmi-dvi-ports-limited-stock-279-99?src=catpagev2,Amazon,$279.99,https://slickdeals.net/computer-deals/?page=5
Wireless led mouse $13.29 AC amazon,/f/14388752-wireless-led-mouse-13-29-ac-amazon?src=catpagev2,Amazon,$13.29,https://slickdeals.net/computer-deals/?page=5
MSI GL65 Leopard Gaming Laptop 144Hz i7-10750H RTX2070 16GB RAM 512GB SSD $1390,/f/14387813-msi-gl65-leopard-gaming-laptop-144hz-i7-10750h-rtx2070-16gb-ram-512gb-ssd-1390?src=catpagev2,Amazon,"$1,390",https://slickdeals.net/computer-deals/?page=5
"Rosetta Stone Lifetime Membership Unlimited Languages Subscription $149 + 2,980 Wowpoints @ PerksAtWork YMMV",/f/14388368-rosetta-stone-lifetime-membership-unlimited-languages-subscription-149-2-980-wowpoints-perksatwork-ymmv?src=catpagev2,,$149,https://slickdeals.net/computer-deals/?page=5
16GB (2x 8) G.SKILL Flare X Series DDR4 3200 CL14 Desktop RAM Kit @Newegg $95,/f/14387591-16gb-2x-8-g-skill-flare-x-series-ddr4-3200-cl14-desktop-ram-kit-newegg-95?src=catpagev2,Newegg,$99.99,https://slickdeals.net/computer-deals/?page=5
Be Quiet BL040 Pure Wings 2 140mm PWM Case Fan - Black $12.9,/f/14386859-be-quiet-bl040-pure-wings-2-140mm-pwm-case-fan-black-12-9?src=catpagev2,Amazon,$12.90,https://slickdeals.net/computer-deals/?page=5
NETGEAR 8-Port Gigabit Ethernet Smart Managed Pro Switch (GS108T-300NAS) for $70 Shipped,/f/14388620-netgear-8-port-gigabit-ethernet-smart-managed-pro-switch-gs108t-300nas-for-70-shipped?src=catpagev2,Newegg,,https://slickdeals.net/computer-deals/?page=5
"New Dell Inspiron 15 7506 2-in-1: 15.6'' FHD IPS Touch, i7-1165G7, Intel XE Graphics, 16GB DDR4, 512GB PCIe SSD, Thunderbolt 4, Win10H @ $1009.39 + F/S",/f/14387642-new-dell-inspiron-15-7506-2-in-1-15-6-fhd-ips-touch-i7-1165g7-intel-xe-graphics-16gb-ddr4-512gb-pcie-ssd-thunderbolt-4-win10h-1009-39-f-s?src=catpagev2,Dell Home & Office,"$1,009.39",https://slickdeals.net/computer-deals/?page=5
"AOC C24G1 24"" Curved Frameless Gaming Monitor FHD 1080p 1500R VA panel 1ms 144Hz FreeSync VESA $140.7",/f/14387378-aoc-c24g1-24-curved-frameless-gaming-monitor-fhd-1080p-1500r-va-panel-1ms-144hz-freesync-vesa-140-7?src=catpagev2,Amazon,$140.70,https://slickdeals.net/computer-deals/?page=5
Surface USB-C Travel Hub $72.74,/f/14387789-surface-usb-c-travel-hub-72-74?src=catpagev2,Amazon,$72.74,https://slickdeals.net/computer-deals/?page=5
500GB Sabrent Rocket NVMe PCIe 4.0 M.2 2280 SSD @Newegg $96 AC;  1TB Rocket Gen4 NVMe  / $160AC,/f/14387519-500gb-sabrent-rocket-nvme-pcie-4-0-m-2-2280-ssd-newegg-96-ac-1tb-rocket-gen4-nvme-160ac?src=catpagev2,Newegg,$96,https://slickdeals.net/computer-deals/?page=5
Tiger Direct Uninterruptible Power Supplies UPS Sale - 450VA $33 - 650VA $43 - and more,/f/14387165-tiger-direct-uninterruptible-power-supplies-ups-sale-450va-33-650va-43-and-more?src=catpagev2,,$33,https://slickdeals.net/computer-deals/?page=5
LG 34GP83A-B 34 Inch 21: 9 Ultragear Curved QHD (3440 x 1440) 1ms Nano IPS Gaming Monitor with 144Hz and G-SYNC Compatibility $799.99,/f/14385383-lg-34gp83a-b-34-inch-21-9-ultragear-curved-qhd-3440-x-1440-1ms-nano-ips-gaming-monitor-with-144hz-and-g-sync-compatibility-799-99?src=catpagev2,Amazon,$799.99,https://slickdeals.net/computer-deals/?page=5
1TB Inland Platinum NVMe SSD @Amazon $100,/f/14386385-1tb-inland-platinum-nvme-ssd-amazon-100?src=catpagev2,Amazon,$100,https://slickdeals.net/computer-deals/?page=5
"GIGABYTE G32QC 32"" 165Hz 1440P Curved Gaming Monitor $329.99",/f/14385266-gigabyte-g32qc-32-165hz-1440p-curved-gaming-monitor-329-99?src=catpagev2,Amazon,$329.99,https://slickdeals.net/computer-deals/?page=6
Lexmark CS331dw Wireless Duplex Color Laser Printer $199 + free s/h @ Adorama,/f/14385542-lexmark-cs331dw-wireless-duplex-color-laser-printer-199-free-s-h-adorama?src=catpagev2,Adorama,$199,https://slickdeals.net/computer-deals/?page=6
Fujifilm Instax SP-3 Printer Combo w/ 20-pack White Film ($87.99 + $7.05 Shipping + Tax) $95.09 + Tax,/f/14387360-fujifilm-instax-sp-3-printer-combo-w-20-pack-white-film-87-99-7-05-shipping-tax-95-09-tax?src=catpagev2,Adorama,$87.99,https://slickdeals.net/computer-deals/?page=6
G.Skill Ripjaws V 16gb DDR4 4000 Cas-15 - $159.99 (+ FS) Newegg,/f/14386478-g-skill-ripjaws-v-16gb-ddr4-4000-cas-15-159-99-fs-newegg?src=catpagev2,Newegg,$159.99,https://slickdeals.net/computer-deals/?page=6
"Lenovo ThinkCentre M83 Tower Desktop PC - Intel Core i5-4570 3.2GHz, 16GB DDR3, 256GB SSD, Win 10 Pro, Grade A Refurbished - $229.99 + Free Shipping",/f/14384966-lenovo-thinkcentre-m83-tower-desktop-pc-intel-core-i5-4570-3-2ghz-16gb-ddr3-256gb-ssd-win-10-pro-grade-a-refurbished-229-99-free-shipping?src=catpagev2,,$229.99,https://slickdeals.net/computer-deals/?page=6
"Atolla Super Speed USB 3.0 Hub with 7-port Up to 5Gbp, One Smart Charging Port for $19.99 + FS",/f/14386745-atolla-super-speed-usb-3-0-hub-with-7-port-up-to-5gbp-one-smart-charging-port-for-19-99-fs?src=catpagev2,Newegg,$19.99,https://slickdeals.net/computer-deals/?page=6
Intel Core i9-10850KA Comet Lake 10-Core 3.6 GHz LGA 1200 125W $454.99,/f/14385152-intel-core-i9-10850ka-comet-lake-10-core-3-6-ghz-lga-1200-125w-454-99?src=catpagev2,Newegg,$454.99,https://slickdeals.net/computer-deals/?page=6
NetGear Manufacturer Refurbished CM500-100NAR DOCSIS 3.0 CABLE MODEM (CM500-100NAR) - $46 Shipped,/f/14384933-netgear-manufacturer-refurbished-cm500-100nar-docsis-3-0-cable-modem-cm500-100nar-46-shipped?src=catpagev2,TigerDirect,,https://slickdeals.net/computer-deals/?page=6
Rosetta Stone Unlimited Languages 12 Month Subscription $86.29,/f/14380094-rosetta-stone-unlimited-languages-12-month-subscription-86-29?src=catpagev2,,$86.29,https://slickdeals.net/computer-deals/?page=6
"FUL 17"" Tennman Olive One Pocket Backpack $30.89 at Home Depot + Free Curbside Pickcup",/f/14385215-ful-17-tennman-olive-one-pocket-backpack-30-89-at-home-depot-free-curbside-pickcup?src=catpagev2,Home Depot,$30.89,https://slickdeals.net/computer-deals/?page=6
"Corel PaintShop Pro 2020, CAD 2019, Painter 2020, CorelDRAW 2020 and more $30 at Humble Bundle",/f/14384384-corel-paintshop-pro-2020-cad-2019-painter-2020-coreldraw-2020-and-more-30-at-humble-bundle?src=catpagev2,,$30,https://slickdeals.net/computer-deals/?page=6
"Anker PowerPort Cube USB Power Strip with 3 Outlets and 3 USB Ports, Portable Design, 5 ft Extension Cord $16.14 AMAZON",/f/14385392-anker-powerport-cube-usb-power-strip-with-3-outlets-and-3-usb-ports-portable-design-5-ft-extension-cord-16-14-amazon?src=catpagev2,Amazon,$16.14,https://slickdeals.net/computer-deals/?page=6
Dell Inspiron 15 7000series 2in1 i7 1165G7 16GB RAM 512GB SSD 32GB Intel Optane Thunderbolt 4 $1079,/f/14385287-dell-inspiron-15-7000series-2in1-i7-1165g7-16gb-ram-512gb-ssd-32gb-intel-optane-thunderbolt-4-1079?src=catpagev2,Dell Home & Office,"$1,079",https://slickdeals.net/computer-deals/?page=6
32GB Amazon Fire HD 10 7th Gen Wi-Fi Tablet (Refurb) + Show Mode Charging Dock,/f/14381678-32gb-amazon-fire-hd-10-7th-gen-wi-fi-tablet-refurb-show-mode-charging-dock-70-free-shipping?src=catpagev2,Amazon,$70,https://slickdeals.net/computer-deals/?page=6
"HP Omen Obelisk Desktop: i5-9400F, 16GB DDR4, 512GB SSD, GTX 1660 Ti $769.99 @ Micro Center",/f/14384117-hp-omen-obelisk-desktop-i5-9400f-16gb-ddr4-512gb-ssd-gtx-1660-ti-769-99-micro-center?src=catpagev2,,$769.99,https://slickdeals.net/computer-deals/?page=6
ASRock Phantom Gaming D3 Radeon RX 5600 XT Video Card (+Godfall and World of Warcraft: Shadowlands) @Newegg (AR) $260,/f/14384993-asrock-phantom-gaming-d3-radeon-rx-5600-xt-video-card-godfall-and-world-of-warcraft-shadowlands-newegg-ar-260?src=catpagev2,Newegg,$260,https://slickdeals.net/computer-deals/?page=6
Amex Offers: Get additional 5% back in points on Amazon purchases YMMV,/f/14384576-amex-offers-get-additional-5-back-in-points-on-amazon-purchases-ymmv?src=catpagev2,,,https://slickdeals.net/computer-deals/?page=6
"Ebay - Lenovo IdeaCentre T540 with NVIDIA GTX 1660 Ti, i5-9400F, 16GB, 256GB SSD, Win 10 Home  $709.99",/f/14381753-ebay-lenovo-ideacentre-t540-with-nvidia-gtx-1660-ti-i5-9400f-16gb-256gb-ssd-win-10-home-709-99?src=catpagev2,eBay,$709.99,https://slickdeals.net/computer-deals/?page=6
"Lenovo Legion 5: 15.6'' FHD IPS 144Hz, Ryzen 7-4800H, GTX 1660 Ti, 16GB DDR4, 512GB PCIe SSD, Win10H @ $988.69 + F/S",/f/14380778-lenovo-legion-5-15-6-fhd-ips-144hz-ryzen-7-4800h-gtx-1660-ti-16gb-ddr4-512gb-pcie-ssd-win10h-988-69-f-s?src=catpagev2,Amazon,$988.69,https://slickdeals.net/computer-deals/?page=6
Creality Ender 5 Plus 3D Printer $529,/f/14381516-creality-ender-5-plus-3d-printer-529?src=catpagev2,,$529,https://slickdeals.net/computer-deals/?page=6
Epson EcoTank ET-3760 Special Edition All-in-One Wireless Printer with Two Bonus Black Ink Bottles $280,/f/14381198-epson-ecotank-et-3760-special-edition-all-in-one-wireless-printer-with-two-bonus-black-ink-bottles-280?src=catpagev2,,$280,https://slickdeals.net/computer-deals/?page=6
Anycubic Photon LCD/SLA 3D Printer $164,/f/14381432-anycubic-photon-lcd-sla-3d-printer-164?src=catpagev2,,$164,https://slickdeals.net/computer-deals/?page=6
Onn Black 2.4 GHz Wireless Mouse for 3 Cents $0.03,/f/14378663-onn-black-2-4-ghz-wireless-mouse-for-3-cents-0-03?src=catpagev2,Walmart,$0.03,https://slickdeals.net/computer-deals/?page=6
"Acer ET322QK 32"" 4K UHD LED Monitor, @Newegg $320",/f/14380556-acer-et322qk-32-4k-uhd-led-monitor-newegg-320?src=catpagev2,Newegg,$319.99,https://slickdeals.net/computer-deals/?page=6
16GB (2x 8) Patriot Viper 4 Blackout DDR4 4000 Desktop RAM kit @Newegg $100,/f/14380907-16gb-2x-8-patriot-viper-4-blackout-ddr4-4000-desktop-ram-kit-newegg-100?src=catpagev2,Newegg,$100,https://slickdeals.net/computer-deals/?page=6
Thermaltake - Riing Duo 12 RGB (Triple Pack) $65.99,/f/14380508-thermaltake-riing-duo-12-rgb-triple-pack-65-99?src=catpagev2,Best Buy,$65.99,https://slickdeals.net/computer-deals/?page=6
"Lenovo IdeaPad Slim 7 14"" Laptop, Intel i5, 8GB Memory, 512GB SSD for $649.99 & More",/f/14380580-lenovo-ideapad-slim-7-14-laptop-intel-i5-8gb-memory-512gb-ssd-for-649-99-more?src=catpagev2,Staples,$399.99,https://slickdeals.net/computer-deals/?page=6
250GB Lexar NM610 M.2 2280 NVMe 1.3 SSD @Newegg $37,/f/14380895-250gb-lexar-nm610-m-2-2280-nvme-1-3-ssd-newegg-37?src=catpagev2,Newegg,$37,https://slickdeals.net/computer-deals/?page=6
"AUKEY FHD Webcam, 1080p Live Streaming Camera with Stereo Microphone, Desktop or Laptop USB Webcam for Widescreen Video Calling and Recording $35.94",/f/14378588-aukey-fhd-webcam-1080p-live-streaming-camera-with-stereo-microphone-desktop-or-laptop-usb-webcam-for-widescreen-video-calling-and-recording-35-94?src=catpagev2,Amazon,$35.94,https://slickdeals.net/computer-deals/?page=7
"Pixio PX329 32"" 165Hz WQHD 2560 x 1440 Wide Scree...",/f/14379506-pixio-px329-32-165hz-wqhd-2560-x-1440-wide-scree?src=catpagev2,Newegg,,https://slickdeals.net/computer-deals/?page=7
"Western Digital 250GB WD Blue SN550 NVMe Internal SSD - Gen3 x4 PCIe 8Gb/s, M.2 2280 for $39.99",/f/14379803-western-digital-250gb-wd-blue-sn550-nvme-internal-ssd-gen3-x4-pcie-8gb-s-m-2-2280-for-39-99?src=catpagev2,Amazon,$39.99,https://slickdeals.net/computer-deals/?page=7
"Anker 8-in-1 USB C to HDMI Hub w/ 4K 60Hz, 100W PD, 1x USB-C and 2x USB 3.1, Ethernet, microSD/SD Card Reader $39.99 + Free Shipping",/f/14379323-anker-8-in-1-usb-c-to-hdmi-hub-w-4k-60hz-100w-pd-1x-usb-c-and-2x-usb-3-1-ethernet-microsd-sd-card-reader-39-99-free-shipping?src=catpagev2,Amazon,$39.99,https://slickdeals.net/computer-deals/?page=7
"Lenovo Legion 5i: 15.6'' FHD 500 nits 240 Hz IPS, i7-10750H, RTX 2060, 16GB DDR4, 1TB PCIe SSD, Win10H @ $1200 + F/S",/f/14378135-lenovo-legion-5i-15-6-fhd-500-nits-240-hz-ips-i7-10750h-rtx-2060-16gb-ddr4-1tb-pcie-ssd-win10h-1200-f-s?src=catpagev2,,"$1,200",https://slickdeals.net/computer-deals/?page=7
"27"" Acer Nitro XV272U Pbmiiprzx 1440p 144Hz FreeSync HDR400 IPS Monitor",/f/14377559-acer-nitro-xv272u-pbmiiprzx-27-wqhd-2560-x-1440-ips-gaming-monitor-with-amd-radeon-freesync-technology-g-sync-compatible-144hz-1ms-vrb-displayhdr400-for-299-299-99?src=catpagev2,Amazon,$300,https://slickdeals.net/computer-deals/?page=7
Lexar Professional 633x 32GB SDHC UHS-I Card $6.99,/f/14379458-lexar-professional-633x-32gb-sdhc-uhs-i-card-6-99?src=catpagev2,Amazon,$6.99,https://slickdeals.net/computer-deals/?page=7
"Dell Precision 7540 Laptop: i7-9850H, Quattro T1000, 8GB, 256GB SSD, 15.6"" 1080p, WiFi 6 $1199 + free s/h",/f/14377856-dell-precision-7540-laptop-i7-9850h-quattro-t1000-8gb-256gb-ssd-15-6-1080p-wifi-6-1199-free-s-h?src=catpagev2,,"$1,199",https://slickdeals.net/computer-deals/?page=7
Cudy PCIe AX3000 wifi adapter with antennas (M.2. based) $25.9,/f/14377565-cudy-pcie-ax3000-wifi-adapter-with-antennas-m-2-based-25-9?src=catpagev2,Amazon,$25.90,https://slickdeals.net/computer-deals/?page=7
Fractal Design Case FD-CA-FOCUS-RD-W Focus $52.99,/f/14378798-fractal-design-case-fd-ca-focus-rd-w-focus-52-99?src=catpagev2,Walmart,$52.99,https://slickdeals.net/computer-deals/?page=7
"HP P24q G4 QHD IPS VESA 24"" Monitor $179.99 + Free Shipping",/f/14378792-hp-p24q-g4-qhd-ips-vesa-24-monitor-179-99-free-shipping?src=catpagev2,,$179.99,https://slickdeals.net/computer-deals/?page=7
250GB AData Swordfish m.2 NVMe SSD @Newegg $35,/f/14378228-250gb-adata-swordfish-m-2-nvme-ssd-newegg-35?src=catpagev2,Newegg,$35,https://slickdeals.net/computer-deals/?page=7
16TB Seagate Exos Enterprise HDD X16 SATA 512e/4Kn 7200 RPM Int Hard Drive @Newegg $359,/f/14378045-16tb-seagate-exos-enterprise-hdd-x16-sata-512e-4kn-7200-rpm-int-hard-drive-newegg-359?src=catpagev2,Newegg,$359,https://slickdeals.net/computer-deals/?page=7
"LG Gram 15.6"" Touchscreen Laptop - Costco 10th Gen Intel Core i7-10510U - 1080p $1299.99. 16GB DDR4 RAM 1TB NVMe™ SSD",/f/14376515-lg-gram-15-6-touchscreen-laptop-costco-10th-gen-intel-core-i7-10510u-1080p-1299-99-16gb-ddr4-ram-1tb-nvme-ssd?src=catpagev2,,"$1,299.99",https://slickdeals.net/computer-deals/?page=7
PowerSpec G228 Gaming Computer Intel Core i5 10400F 2.9GHz Processor; NVIDIA GTX 1660 Super 6GB GDDR6; 16GB DDR4-2666 RAM; 500GB SSD $799.99,/f/14377541-powerspec-g228-gaming-computer-intel-core-i5-10400f-2-9ghz-processor-nvidia-gtx-1660-super-6gb-gddr6-16gb-ddr4-2666-ram-500gb-ssd-799-99?src=catpagev2,,$799.99,https://slickdeals.net/computer-deals/?page=7
"1TB Team Group CX2 2.5"" SSD @Newegg $77",/f/14378048-1tb-team-group-cx2-2-5-ssd-newegg-77?src=catpagev2,Newegg,$77,https://slickdeals.net/computer-deals/?page=7
TP-Link Archer C4000 Tri-Band Wi-Fi Router -$129.99,/f/14376725-tp-link-archer-c4000-tri-band-wi-fi-router-129-99?src=catpagev2,Costco Wholesale,$129.99,https://slickdeals.net/computer-deals/?page=7
The Google Cloud Certifications Practice Tests + Courses Bundle (Lifetime Access) $18,/f/14377760-the-google-cloud-certifications-practice-tests-courses-bundle-lifetime-access-18?src=catpagev2,,,https://slickdeals.net/computer-deals/?page=7
Amazon - QNAP-TS-253D 4Gb $368.95,/f/14376623-amazon-qnap-ts-253d-4gb-368-95?src=catpagev2,Amazon,$368.95,https://slickdeals.net/computer-deals/?page=7
Nokia WiFi Beacon 3 Mesh Router System - $98.17 (After 23% Off Coupon),/f/14376953-nokia-wifi-beacon-3-mesh-router-system-98-17-after-23-off-coupon?src=catpagev2,Amazon,$98.17,https://slickdeals.net/computer-deals/?page=7
Team T-FORCE VULKAN Z 32GB (2x16GB) 288 Pin DDR4 3200 XMP 2.0 CL16 Desktop Memory Kit @ $90.99 + F/S,/f/14375576-team-t-force-vulkan-z-32gb-2x16gb-288-pin-ddr4-3200-xmp-2-0-cl16-desktop-memory-kit-90-99-f-s?src=catpagev2,Newegg,$90.99,https://slickdeals.net/computer-deals/?page=7
QNAP TS-453D-4G 4 Bay NAS for $499 at Amazon,/f/14374859-qnap-ts-453d-4g-4-bay-nas-for-499-at-amazon?src=catpagev2,Amazon,$499,https://slickdeals.net/computer-deals/?page=7
Gigabyte AORUS GP-AG41TB 1TB PCIe Gen4 M.2 NVMe TLC SSD @ $169.99 with F/S,/f/14375177-gigabyte-aorus-gp-ag41tb-1tb-pcie-gen4-m-2-nvme-tlc-ssd-169-99-with-f-s?src=catpagev2,Amazon,$169.99,https://slickdeals.net/computer-deals/?page=7
"ADATA XPG SX8200 Pro 1TB PCIe 3.0 NVMe M.2 2280 SSD, R/W Up to 3500/3000 MB/S @ $119.99+ F/S",/f/14375159-adata-xpg-sx8200-pro-1tb-pcie-3-0-nvme-m-2-2280-ssd-r-w-up-to-3500-3000-mb-s-119-99-f-s?src=catpagev2,Amazon,$119.99,https://slickdeals.net/computer-deals/?page=7
Intel Wi-Fi 6 AX200 (Gig+) Wireless Adaptor Desktop Kit $18.89 @ B&H; $25.99 + Free Shipping @ Newegg,/f/14373740-intel-wi-fi-6-ax200-gig-wireless-adaptor-desktop-kit-18-89-b-h-25-99-free-shipping-newegg?src=catpagev2,B&H Photo Video,$18.89,https://slickdeals.net/computer-deals/?page=7
"Samsung EVO Select microSDXC Memory Card 64GB, 128GB, 256GB + Free Shipping @Samsung.com",/f/14374118-samsung-evo-select-microsdxc-memory-card-64gb-128gb-256gb-free-shipping-samsung-com?src=catpagev2,,$34.99,https://slickdeals.net/computer-deals/?page=7
15% off Crucial RAM @Newegg 16GB (2x 8) Ballistix DDR4 3200 CL16 SO-DIMM Laptop RAM $59.45,/f/14375261-15-off-crucial-ram-newegg-16gb-2x-8-ballistix-ddr4-3200-cl16-so-dimm-laptop-ram-59-45?src=catpagev2,Newegg,$59.45,https://slickdeals.net/computer-deals/?page=7
ADATA SX6000 Pro 1TB PCIe 3.0 NVMe 1.3 2280 (ASX6000PNP-1TT-C) SSD @ $98.99 + F/S,/f/14375240-adata-sx6000-pro-1tb-pcie-3-0-nvme-1-3-2280-asx6000pnp-1tt-c-ssd-98-99-f-s?src=catpagev2,Amazon,$98.99,https://slickdeals.net/computer-deals/?page=7
"Logitech C270 Desktop or Laptop Webcam, HD 720p Widescreen for Video Calling and Recording - $27.99",/f/14373287-logitech-c270-desktop-or-laptop-webcam-hd-720p-widescreen-for-video-calling-and-recording-27-99?src=catpagev2,Amazon,$27.99,https://slickdeals.net/computer-deals/?page=8
Memorex 64GB Flash Drive $7.99,/f/14374472-memorex-64gb-flash-drive-7-99?src=catpagev2,Target,$7.99,https://slickdeals.net/computer-deals/?page=8
"Lenovo IdeaCentre 5 Desktop: Intel Core i5-10400, 8GB DDR4, 256GB SSD $449.99 @ Staples",/f/14373422-lenovo-ideacentre-5-desktop-intel-core-i5-10400-8gb-ddr4-256gb-ssd-449-99-staples?src=catpagev2,Staples,$449.99,https://slickdeals.net/computer-deals/?page=8
512GB XPG SX8200 Pro M.2 2280 PCIe NVMe Solid State Drive $60 + Free Shipping,/f/14371157-512gb-xpg-sx8200-pro-m-2-2280-pcie-nvme-solid-state-drive-60-free-shipping?src=catpagev2,Amazon,$60,https://slickdeals.net/computer-deals/?page=8
"TP-Link 8 Port & 16 Port Gigabit Ethernet Network Switch | Unmanaged - $17.99, 16 Port Unmanaged - $49.99 + FSSS",/f/14370965-tp-link-8-port-16-port-gigabit-ethernet-network-switch-unmanaged-17-99-16-port-unmanaged-49-99-fsss?src=catpagev2,Amazon,$17.99,https://slickdeals.net/computer-deals/?page=8
YMMV For $35.83 Microcenter has Crucial Ballistix Sport LT 16GB (2 x 8GB) DDR4-3200 PC4-25600 CL16,/f/14372285-ymmv-for-35-83-microcenter-has-crucial-ballistix-sport-lt-16gb-2-x-8gb-ddr4-3200-pc4-25600-cl16?src=catpagev2,,,https://slickdeals.net/computer-deals/?page=8
"MicroCenter LG 24MK400H-B 24"" Full HD 75Hz HDMI VGA FreeSync LED Monitor $90",/f/14371307-microcenter-lg-24mk400h-b-24-full-hd-75hz-hdmi-vga-freesync-led-monitor-90?src=catpagev2,Micro Center,$89.99,https://slickdeals.net/computer-deals/?page=8
"Asus Zephyrus G502IV: 15.6'' FHD 240 Hz IPS, Ryzen 7 4800HS, 16GB DDR4, 512GB PCIe SSD, RTX 2060, Win10H @ $1149 + F/S",/f/14369978-asus-zephyrus-g502iv-15-6-fhd-240-hz-ips-ryzen-7-4800hs-16gb-ddr4-512gb-pcie-ssd-rtx-2060-win10h-1149-f-s?src=catpagev2,Walmart,"$1,149",https://slickdeals.net/computer-deals/?page=8
"Acer Nitro VG271U Pbmiipx 27"" WQHD Monitor YMMV $279.99",/f/14371172-acer-nitro-vg271u-pbmiipx-27-wqhd-monitor-ymmv-279-99?src=catpagev2,Micro Center,$279.99,https://slickdeals.net/computer-deals/?page=8
"ASUS 4k Monitor MX27UC 27"" IPS for $259.99 NO VESA MOUNT $259.98",/f/14371103-asus-4k-monitor-mx27uc-27-quot-ips-for-259-99-no-vesa-mount-259-98?src=catpagev2,,$259.98,https://slickdeals.net/computer-deals/?page=8
"Apple MD836LL/A 12W USB Power Adapter for iPhone, iPad (2-Pack) $10.99",/f/14370251-apple-md836ll-a-12w-usb-power-adapter-for-iphone-ipad-2-pack-10-99?src=catpagev2,,$10.99,https://slickdeals.net/computer-deals/?page=8
Dell Inspiron 24 5000 (5490) AIO Desktop cert refurb i5-10210U 12GB RAM 256GB SSD + 1TB for $639 or $575 ymmv,/f/14371130-dell-inspiron-24-5000-5490-aio-desktop-cert-refurb-i5-10210u-12gb-ram-256gb-ssd-1tb-for-639-or-575-ymmv?src=catpagev2,,$575,https://slickdeals.net/computer-deals/?page=8
Sabrent Rocket Q 8TB NVMe PCIe M.2 2280 Internal SSD High Performance Solid State Drive R/W 3300/2900MB/s (SB-RKTQ-8TB) $1299,/f/14369483-sabrent-rocket-q-8tb-nvme-pcie-m-2-2280-internal-ssd-high-performance-solid-state-drive-r-w-3300-2900mb-s-sb-rktq-8tb-1299?src=catpagev2,Amazon,"$1,299",https://slickdeals.net/computer-deals/?page=8
PNY Technologies 480GB ELITE PORTABLE SSD $7.50 YMMV,/f/14368220-pny-technologies-480gb-elite-portable-ssd-7-50-ymmv?src=catpagev2,Walmart,$7.50,https://slickdeals.net/computer-deals/?page=8
"Ebay - Lenovo Yoga C940 2-in-1, 14"" FHD IPS Touch 400 nits, i5-1035G4, 8 GB, 256 GB SSD, Iris Plus Graphics, Win 10 Home, Lenovo Active Pen  $869.99",/f/14370572-ebay-lenovo-yoga-c940-2-in-1-14-fhd-ips-touch-400-nits-i5-1035g4-8-gb-256-gb-ssd-iris-plus-graphics-win-10-home-lenovo-active-pen-869-99?src=catpagev2,eBay,$869.99,https://slickdeals.net/computer-deals/?page=8
"16GB (2x 8) AData XPG GAMMIX D30 DDR4 3200 Desktop RAM kit, black +5GC @Newegg $53",/f/14369561-16gb-2x-8-adata-xpg-gammix-d30-ddr4-3200-desktop-ram-kit-black-5gc-newegg-53?src=catpagev2,Newegg,$53,https://slickdeals.net/computer-deals/?page=8
"CoolerMaster MasterLiquid ML240L RGB V2, Close-Loop AIO CPU Liquid Cooler @Newegg (AR) $60",/f/14369513-coolermaster-masterliquid-ml240l-rgb-v2-close-loop-aio-cpu-liquid-cooler-newegg-ar-60?src=catpagev2,Newegg,$60,https://slickdeals.net/computer-deals/?page=8
Dell Offer - Dell 24 Monitor - S2421HN for $134.99,/f/14368748-dell-offer-dell-24-monitor-s2421hn-for-134-99?src=catpagev2,Dell Home & Office,$134.99,https://slickdeals.net/computer-deals/?page=8
1Mii USB Bluetooth Dongle Adapter $5.98 + Free Shipping w/ Prime or Orders $25+,/f/14368613-1mii-usb-bluetooth-dongle-adapter-5-98-free-shipping-w-prime-or-orders-25?src=catpagev2,Amazon,$5.98,https://slickdeals.net/computer-deals/?page=8
EVGA 500 W1 100-W1-0500-KR 80+ WHITE 500W Power Supply $44 After Rebate,/f/14369417-evga-500-w1-100-w1-0500-kr-80-white-500w-power-supply-44-after-rebate?src=catpagev2,Newegg,$44,https://slickdeals.net/computer-deals/?page=8
1TB AData XPG GAMMIX S11 Pro m.2 NVMe 1.3 SSD @Newegg $120,/f/14369177-1tb-adata-xpg-gammix-s11-pro-m-2-nvme-1-3-ssd-newegg-120?src=catpagev2,Newegg,$120,https://slickdeals.net/computer-deals/?page=8
16GB (2 x 8GB) TeamGroup T-Force Dark Za Alpha DDR4 3600MHz Desktop Memory $59.40 + Free Shipping,/f/14368775-16gb-2-x-8gb-teamgroup-t-force-dark-za-alpha-ddr4-3600mhz-desktop-memory-59-40-free-shipping?src=catpagev2,Amazon,$59.40,https://slickdeals.net/computer-deals/?page=8
"Amazon: Apple Smart Keyboard for 10.2"" iPad (7th/8th Gen) & 10.5"" Pro / Air (3rd Gen) $99 + Free Shipping",/f/14367392-amazon-apple-smart-keyboard-for-10-2-ipad-7th-8th-gen-10-5-pro-air-3rd-gen-99-free-shipping?src=catpagev2,Amazon,$99,https://slickdeals.net/computer-deals/?page=8
"34"" Dell U3419W UltraSharp Curved 3440x1440 IPS Monitor $648 + Free Shipping $647.99",/f/14367320-34-dell-u3419w-ultrasharp-curved-3440x1440-ips-monitor-648-free-shipping-647-99?src=catpagev2,,$647.99,https://slickdeals.net/computer-deals/?page=8
MSI PRO Z490-A PRO LGA 1200 SATA 6Gb/s ATX Intel Motherboard - $149.99 AC + FS,/f/14368487-msi-pro-z490-a-pro-lga-1200-sata-6gb-s-atx-intel-motherboard-149-99-ac-fs?src=catpagev2,Newegg,$149.99,https://slickdeals.net/computer-deals/?page=8
"YMMV - Costco: LG UltraGear 27"" class full HD 27GL63T $125",/f/14368325-ymmv-costco-lg-ultragear-27-class-full-hd-27gl63t-125?src=catpagev2,,$125,https://slickdeals.net/computer-deals/?page=8
Apple iPad mini - A12 Chip - Latest Models - 64GB ($349.99) - 256GB ($489.99),/f/14366993-apple-ipad-mini-a12-chip-latest-models-64gb-349-99-256gb-489-99?src=catpagev2,Costco Wholesale,$349.99,https://slickdeals.net/computer-deals/?page=8
BetterMe Home Workout & Diet: Lifetime Subscription (Orig. $39.99) $24,/f/14368124-betterme-home-workout-diet-lifetime-subscription-orig-39-99-24?src=catpagev2,,$24,https://slickdeals.net/computer-deals/?page=8
256GB HP EX920 M.2 PCIe NVMe Solid State Drive $40 @Newegg,/f/14366759-256gb-hp-ex920-m-2-pcie-nvme-solid-state-drive-40-newegg?src=catpagev2,Newegg,$40,https://slickdeals.net/computer-deals/?page=9
Rosewill 2-Port USB KVM Switch (Control up to 2 Computers) $19.99 + FSSS,/f/14365259-rosewill-2-port-usb-kvm-switch-control-up-to-2-computers-19-99-fsss?src=catpagev2,Amazon,,https://slickdeals.net/computer-deals/?page=9
ABS Challenger Gaming PC - Intel i5 10400 - GeForce GTX 1660 SUPER - 16GB DDR4 - 512GB SSD for $849.99 + FS,/f/14365346-abs-challenger-gaming-pc-intel-i5-10400-geforce-gtx-1660-super-16gb-ddr4-512gb-ssd-for-849-99-fs?src=catpagev2,Newegg,$849.99,https://slickdeals.net/computer-deals/?page=9
SlickVPN: Lifetime Subscription - 5 Devices - $12,/f/14366054-slickvpn-lifetime-subscription-5-devices-12?src=catpagev2,,$12,https://slickdeals.net/computer-deals/?page=9
Logitech MK345 Wireless Combo $34.99,/f/14366387-logitech-mk345-wireless-combo-34-99?src=catpagev2,Amazon,$34.99,https://slickdeals.net/computer-deals/?page=9
APC Back-UPS 425VA 6-Outlet UPS - $39.99 + Free Shipping,/f/14364215-apc-back-ups-425va-6-outlet-ups-39-99-free-shipping?src=catpagev2,,$39.99,https://slickdeals.net/computer-deals/?page=9
Crucial Ballistix 3200 MHz DDR4 32GB (16GBx2) CL16 - Black $115.98,/f/14365934-crucial-ballistix-3200-mhz-ddr4-32gb-16gbx2-cl16-black-115-98?src=catpagev2,Amazon,$115.98,https://slickdeals.net/computer-deals/?page=9
VPNSecure: Lifetime Subscription (5 Devices),/f/14363693-vpnsecure-lifetime-subscription-5-devices-12?src=catpagev2,StackSocial,$12,https://slickdeals.net/computer-deals/?page=9
PNY 2 pk. 32GB USB 2.0 flash drive $5.00 at Walmart YMMV,/f/14363963-pny-2-pk-32gb-usb-2-0-flash-drive-5-00-at-walmart-ymmv?src=catpagev2,Walmart,$5,https://slickdeals.net/computer-deals/?page=9
"WAVLINK 4 Port USB 3.0 Hub with Individual LED Power Switches, Support SuperSpeed Data Transfer up to 5Gbps $7.99+FS",/f/14361830-wavlink-4-port-usb-3-0-hub-with-individual-led-power-switches-support-superspeed-data-transfer-up-to-5gbps-7-99-fs?src=catpagev2,Amazon,$7.60,https://slickdeals.net/computer-deals/?page=9
"Acer V246HQL 24"" Class (23.6"") bi LED Monitor - $89.99 + Free Shipping",/f/14364263-acer-v246hql-24-class-23-6-bi-led-monitor-89-99-free-shipping?src=catpagev2,TigerDirect,,https://slickdeals.net/computer-deals/?page=9
Rosewill - ESD Strap Anti Shock Wristband Bracelet with Grounding Wire Alligator Clip $6.99 + FS,/f/14363555-rosewill-esd-strap-anti-shock-wristband-bracelet-with-grounding-wire-alligator-clip-6-99-fs?src=catpagev2,Amazon,,https://slickdeals.net/computer-deals/?page=9
Inland Platinum 2TB QLC NVME m.2 SSD $189.99,/f/14362940-inland-platinum-2tb-qlc-nvme-m-2-ssd-189-99?src=catpagev2,Amazon,$189.99,https://slickdeals.net/computer-deals/?page=9
XPG SX8200 Pro 2TB 3D NAND NVMe Gen3x4 PCIe M.2 2280 R/W 3500/3000MB/s SSD @ $235.99 + F/S,/f/14361869-xpg-sx8200-pro-2tb-3d-nand-nvme-gen3x4-pcie-m-2-2280-r-w-3500-3000mb-s-ssd-235-99-f-s?src=catpagev2,Amazon,$235.99,https://slickdeals.net/computer-deals/?page=9
"WAVLINK USB C Universal Laptop Docking Station, Dual 4K@60Hz Display & 5K Single Video Display $119.08+FS",/f/14361434-wavlink-usb-c-universal-laptop-docking-station-dual-4k-60hz-display-5k-single-video-display-119-08-fs?src=catpagev2,Amazon,$119.08,https://slickdeals.net/computer-deals/?page=9
Wavlink 10-Port USB 3.0 Hub with 2x1.5A Fast USB Charging Port - $39.99 + FS,/f/14362919-wavlink-10-port-usb-3-0-hub-with-2x1-5a-fast-usb-charging-port-39-99-fs?src=catpagev2,Newegg,$39.99,https://slickdeals.net/computer-deals/?page=9
V7 Spill-Resistant Wireless Keyboard And 1600dpi Optical Mouse Combo + Free Shipping @ TigerDirect $14.99,/f/14361998-v7-spill-resistant-wireless-keyboard-and-1600dpi-optical-mouse-combo-free-shipping-tigerdirect-14-99?src=catpagev2,TigerDirect,$14.99,https://slickdeals.net/computer-deals/?page=9
Intel - Core i7-9700K 9th Generation 8-Core - 8-Thread 3.6 GHz Unlocked Desktop Processor $289.99,/f/14363165-intel-core-i7-9700k-9th-generation-8-core-8-thread-3-6-ghz-unlocked-desktop-processor-289-99?src=catpagev2,Best Buy,$289.99,https://slickdeals.net/computer-deals/?page=9
Intel - Core i9-9900K 9th Generation 8-Core - 16-Thread - 3.6 GHz Unlocked Desktop Processor $379.99,/f/14363171-intel-core-i9-9900k-9th-generation-8-core-16-thread-3-6-ghz-unlocked-desktop-processor-379-99?src=catpagev2,Best Buy,$379.99,https://slickdeals.net/computer-deals/?page=9
Stardock Steam Publisher Sale (Up to 75% off games and software),/f/14362988-stardock-steam-publisher-sale-up-to-75-off-games-and-software?src=catpagev2,,,https://slickdeals.net/computer-deals/?page=9
Wireless AC1200 USB 3.0 WiFi Adapter for PC 802.11AC 1200Mbps Dual 5Dbi Antennas 5G/2.4G $15.07 + Free Shipping,/f/14360306-wireless-ac1200-usb-3-0-wifi-adapter-for-pc-802-11ac-1200mbps-dual-5dbi-antennas-5g-2-4g-15-07-free-shipping?src=catpagev2,Amazon,$15.07,https://slickdeals.net/computer-deals/?page=9
$10 to $130 discount on Sabrent Rocket Thunderbolt QLC and TLC drives $699,/f/14362532-10-to-130-discount-on-sabrent-rocket-thunderbolt-qlc-and-tlc-drives-699?src=catpagev2,Amazon,$699,https://slickdeals.net/computer-deals/?page=9
Rosewill 100 Watt Power Delivery Hub $59.99 & More + FS,/f/14362433-rosewill-100-watt-power-delivery-hub-59-99-more-fs?src=catpagev2,Amazon,,https://slickdeals.net/computer-deals/?page=9
NOVOO USB C Hub 8 in 1 USB-C Dock $27.99,/f/14360699-novoo-usb-c-hub-8-in-1-usb-c-dock-27-99?src=catpagev2,Amazon,$27.99,https://slickdeals.net/computer-deals/?page=9
Macally Full Size USB Wired Keyboard $12.06,/f/14360807-macally-full-size-usb-wired-keyboard-12-06?src=catpagev2,Amazon,$12.06,https://slickdeals.net/computer-deals/?page=9
16GB (2x 8) OLOy WarHawk RGB DDR4 3600 Desktop Memory @Newegg $60,/f/14361149-16gb-2x-8-oloy-warhawk-rgb-ddr4-3600-desktop-memory-newegg-60?src=catpagev2,Newegg,$60,https://slickdeals.net/computer-deals/?page=9
Acer ED272 Abix 27'' 1080p IPS Monitor $129.99,/f/14361050-acer-ed272-abix-27-1080p-ips-monitor-129-99?src=catpagev2,TigerDirect,$129.99,https://slickdeals.net/computer-deals/?page=9
Patriot Viper Steel Series DDR4 16GB (2 x 8GB) 4400MHz Performance Memory Kit - PVS416G440C9K $116.99,/f/14360027-patriot-viper-steel-series-ddr4-16gb-2-x-8gb-4400mhz-performance-memory-kit-pvs416g440c9k-116-99?src=catpagev2,Amazon,$116.99,https://slickdeals.net/computer-deals/?page=9
Pokemon Go 3 remote raid passes for 1 coin $1,/f/14360021-pokemon-go-3-remote-raid-passes-for-1-coin-1?src=catpagev2,,$1,https://slickdeals.net/computer-deals/?page=10
"ASUS VP278QG 27"" Full HD 75Hz VGA HDMI DP FreeSync LED Monitor $149.99",/f/14359565-asus-vp278qg-27-full-hd-75hz-vga-hdmi-dp-freesync-led-monitor-149-99?src=catpagev2,,$149.99,https://slickdeals.net/computer-deals/?page=10
"Logitech C270 Webcam, HD 720p Widescreen $26.59 w/Red Card FS $27.99",/f/14359937-logitech-c270-webcam-hd-720p-widescreen-26-59-w-red-card-fs-27-99?src=catpagev2,Target,$27.99,https://slickdeals.net/computer-deals/?page=10
Enpass Password Manager: One-Time Premium Lifetime License (Orig. $24.99) $10,/f/14360228-enpass-password-manager-one-time-premium-lifetime-license-orig-24-99-10?src=catpagev2,,$10,https://slickdeals.net/computer-deals/?page=10
SAMSUNG UFS 128GB and 64GB Universal Flash Storage $17.83,/f/14359271-samsung-ufs-128gb-and-64gb-universal-flash-storage-17-83?src=catpagev2,Amazon,$17.83,https://slickdeals.net/computer-deals/?page=10
The Ultimate Microsoft Excel Certification Training Bundle - Lifetime Access $13.59,/f/14360264-the-ultimate-microsoft-excel-certification-training-bundle-lifetime-access-13-59?src=catpagev2,StackSocial,,https://slickdeals.net/computer-deals/?page=10
"SiteWide : JavaScript (E-degree + 22 Courses Bundle ) $60, Cybersecurity (E-degree + Bundle) $63.75, DevOps (E-degree + Bundle) $60 - Eduonix",/f/14359262-sitewide-javascript-e-degree-22-courses-bundle-60-cybersecurity-e-degree-bundle-63-75-devops-e-degree-bundle-60-eduonix?src=catpagev2,,$60,https://slickdeals.net/computer-deals/?page=10
Monoprice MP Mini Deluxe SLA LCD Resin 3D Printer (Duplicator 7 Plus) + 250ml Photopolymer Resin $139.99 + Free Shipping via Monoprice,/f/14358425-monoprice-mp-mini-deluxe-sla-lcd-resin-3d-printer-duplicator-7-plus-250ml-photopolymer-resin-139-99-free-shipping-via-monoprice?src=catpagev2,,$139.99,https://slickdeals.net/computer-deals/?page=10
D-Link AC2600 All-in-One WiFi Router with Smart Home Protection for $99.99,/f/14358650-d-link-ac2600-all-in-one-wifi-router-with-smart-home-protection-for-99-99?src=catpagev2,Amazon,$99.99,https://slickdeals.net/computer-deals/?page=10
WD Purple 4TB Surveillance Hard Disk Drive @Newegg $94,/f/14358221-wd-purple-4tb-surveillance-hard-disk-drive-newegg-94?src=catpagev2,Newegg,$94,https://slickdeals.net/computer-deals/?page=10
"Logitech G300s Optical Ambidextrous Gaming Mouse – 9 Programmable Buttons, Onboard Memory $20.99",/f/14356871-logitech-g300s-optical-ambidextrous-gaming-mouse-9-programmable-buttons-onboard-memory-20-99?src=catpagev2,Amazon,$20.99,https://slickdeals.net/computer-deals/?page=10
Cisco CCNA Training Suite - Lifetime Access $16,/f/14358311-cisco-ccna-training-suite-lifetime-access-16?src=catpagev2,StackSocial,,https://slickdeals.net/computer-deals/?page=10
Koofr Cloud Storage: Lifetime Subscription (TB) $102,/f/14358185-koofr-cloud-storage-lifetime-subscription-tb-102?src=catpagev2,StackSocial,$102,https://slickdeals.net/computer-deals/?page=10
The Electrical & Circuits Engineering Certification Bundle - Lifetime Access (Orig. $59.99) $24,/f/14357429-the-electrical-circuits-engineering-certification-bundle-lifetime-access-orig-59-99-24?src=catpagev2,StackSocial,$24,https://slickdeals.net/computer-deals/?page=10
FastestVPN: Lifetime Subscription - 5 Devices $12,/f/14357846-fastestvpn-lifetime-subscription-5-devices-12?src=catpagev2,StackSocial,,https://slickdeals.net/computer-deals/?page=10
Amazon Key In-Garage Delivery Free $30 Amazon Credit (YMMV),/f/14355479-amazon-key-in-garage-delivery-free-30-amazon-credit-ymmv?src=catpagev2,Amazon,,https://slickdeals.net/computer-deals/?page=10
NZXT H510 Compact ATX Mid-Tower Case w/ Tempered Glass $68.83,/f/14355620-nzxt-h510-compact-atx-mid-tower-case-w-tempered-glass-68-83?src=catpagev2,Amazon,$68.99,https://slickdeals.net/computer-deals/?page=10
The Complete 2020 Big Data and Machine Learning Bundle - Lifetime Access (Orig. $39.90) $15.96,/f/14356988-the-complete-2020-big-data-and-machine-learning-bundle-lifetime-access-orig-39-90-15-96?src=catpagev2,StackSocial,$15.96,https://slickdeals.net/computer-deals/?page=10
"16GB (2x 8) AData  XPG SPECTRIX D60 RGB DD4 3200 Desktop Memory, Grey @Newegg $70",/f/14356529-16gb-2x-8-adata-xpg-spectrix-d60-rgb-dd4-3200-desktop-memory-grey-newegg-70?src=catpagev2,Newegg,$70,https://slickdeals.net/computer-deals/?page=10
EVGA DG-77 Matte Black Mid-Tower Gaming Computer Case (Black),/f/14353724-evga-dg-77-matte-black-mid-tower-gaming-computer-case-black-61?src=catpagev2,B&H Photo Video,$61,https://slickdeals.net/computer-deals/?page=10
"Lenovo Legion 5: 15.6'' FHD 500 nits 240 Hz IPS, i7-10750H, RTX 2060, 16GB DDR4, 512GB PCIe SSD, Win10H @ $1185 + F/S",/f/14353823-lenovo-legion-5-15-6-fhd-500-nits-240-hz-ips-i7-10750h-rtx-2060-16gb-ddr4-512gb-pcie-ssd-win10h-1185-f-s?src=catpagev2,Walmart,"$1,185",https://slickdeals.net/computer-deals/?page=10
Western Digital WD BLACK SN750 NVMe M.2 2280 500GB SSD - $69.99 + free shipping (Newegg.com),/f/14354087-western-digital-wd-black-sn750-nvme-m-2-2280-500gb-ssd-69-99-free-shipping-newegg-com?src=catpagev2,Newegg,$69.99,https://slickdeals.net/computer-deals/?page=10
"$199 - TP-Link Deco M9 Plus Tri-Band Wi-Fi System with Built-In Smart Hub, 3-pack",/f/14354339-199-tp-link-deco-m9-plus-tri-band-wi-fi-system-with-built-in-smart-hub-3-pack?src=catpagev2,,$199,https://slickdeals.net/computer-deals/?page=10
The Complete 2020 CompTIA Certification Training Bundle - Lifetime Access $27.60,/f/14354600-the-complete-2020-comptia-certification-training-bundle-lifetime-access-27-60?src=catpagev2,StackSocial,$27.60,https://slickdeals.net/computer-deals/?page=10
QNAP-TS-253D 4Gb $386,/f/14354546-qnap-ts-253d-4gb-386?src=catpagev2,Amazon,$386.16,https://slickdeals.net/computer-deals/?page=10
"Acer TravelMate P6 Business laptop: 14'' FHD IPS Touch, i7-8565U, 16GB DDR4, 512GB PCIe SSD, MX250, Thunderbolt 3, Win10 Pro @ $899 + F/S",/f/14353721-acer-travelmate-p6-business-laptop-14-fhd-ips-touch-i7-8565u-16gb-ddr4-512gb-pcie-ssd-mx250-thunderbolt-3-win10-pro-899-f-s?src=catpagev2,,$899,https://slickdeals.net/computer-deals/?page=10
PNY Technologies 480GB Elite Portable SSD $15 YMMV Walmart,/f/14350988-pny-technologies-480gb-elite-portable-ssd-15-ymmv-walmart?src=catpagev2,Walmart,$15,https://slickdeals.net/computer-deals/?page=10
XPG GAMMIX D30 16GB (2 x 8GB) 288-Pin DDR4 SDRAM DDR4 3000 (PC4 24000) Intel XMP 2.0 Desktop Memory w $5 NE GC for $49.99 + FS,/f/14354288-xpg-gammix-d30-16gb-2-x-8gb-288-pin-ddr4-sdram-ddr4-3000-pc4-24000-intel-xmp-2-0-desktop-memory-w-5-ne-gc-for-49-99-fs?src=catpagev2,Newegg,$49.99,https://slickdeals.net/computer-deals/?page=10
"43.4"" Lenovo Legion Y44w-10 3840x1200 144Hz Curved VA WLED HDR Monitor",/f/14351960-lenovo-legion-y44w-10-43-4-gaming-monitor-749-microsoft-store?src=catpagev2,,$749,https://slickdeals.net/computer-deals/?page=11
"AOC 24"" 1920x1080 1ms 165hz Curved Gaming Monitor (C24G1A) $145 + Free Shipping",/f/14352080-aoc-24-1920x1080-1ms-165hz-curved-gaming-monitor-c24g1a-145-free-shipping?src=catpagev2,Amazon,$145,https://slickdeals.net/computer-deals/?page=11
Samsung Chromebook 4+ $299,/f/14353658-samsung-chromebook-4-299?src=catpagev2,,$299,https://slickdeals.net/computer-deals/?page=11
Intel Core i9-10850K 3.6 GHz Ten-Core LGA 1200 Processor $470,/f/14352689-intel-core-i9-10850k-3-6-ghz-ten-core-lga-1200-processor-470?src=catpagev2,Newegg,$470,https://slickdeals.net/computer-deals/?page=11
G.SKILL Ripjaws V 32GB (16GBx2) DDR4 3600 XMP 2.0 CL19 Desktop Memory Kit @ $109.99 + F/S,/f/14353067-g-skill-ripjaws-v-32gb-16gbx2-ddr4-3600-xmp-2-0-cl19-desktop-memory-kit-109-99-f-s?src=catpagev2,Newegg,$109.99,https://slickdeals.net/computer-deals/?page=11
512GB Patriot P300 M.2 2280 NVMe SSD @Newegg $55,/f/14352671-512gb-patriot-p300-m-2-2280-nvme-ssd-newegg-55?src=catpagev2,Newegg,$55,https://slickdeals.net/computer-deals/?page=11
AMD Ryzen 5 3600XT Processor @Newegg $235,/f/14352638-amd-ryzen-5-3600xt-processor-newegg-235?src=catpagev2,Newegg,$239.58,https://slickdeals.net/computer-deals/?page=11
CORSAIR - RMx Series 850W PSU - $145 @ BestBuy,/f/14351561-corsair-rmx-series-850w-psu-145-bestbuy?src=catpagev2,Best Buy,,https://slickdeals.net/computer-deals/?page=11
NETGEAR AC797 4g Unlocked Mobile Hot spot $149.99 in cart FS,/f/14351684-netgear-ac797-4g-unlocked-mobile-hot-spot-149-99-in-cart-fs?src=catpagev2,,$149.99,https://slickdeals.net/computer-deals/?page=11
Samsung Galaxy Tab A 10.1 128GB 3GB Costco $199.99,/f/14350280-samsung-galaxy-tab-a-10-1-128gb-3gb-costco-199-99?src=catpagev2,Costco Wholesale,$199.99,https://slickdeals.net/computer-deals/?page=11
"ASUS PB60G Mini PC: i5-8400T, 8GB DDR4, 256GB PCIe SSD, Quadro P620 (Graphics Box), Win10 Pro @ $549 + F/S",/f/14352446-asus-pb60g-mini-pc-i5-8400t-8gb-ddr4-256gb-pcie-ssd-quadro-p620-graphics-box-win10-pro-549-f-s?src=catpagev2,Newegg,$549,https://slickdeals.net/computer-deals/?page=11
"16in MacBook Pro refurb $1777, 6 core, i7, 16gb, 512gb SSD",/f/14351900-16in-macbook-pro-refurb-1777-6-core-i7-16gb-512gb-ssd?src=catpagev2,Amazon,,https://slickdeals.net/computer-deals/?page=11
33% Off CyberLink's New PowerDirector 365 for Business $199.99,/f/14351459-33-off-cyberlink-s-new-powerdirector-365-for-business-199-99?src=catpagev2,,$199.99,https://slickdeals.net/computer-deals/?page=11
Logitech C925e 1080p FHD Webcam with Integrated Privacy Shade - $99.99 - In Stock Now from Adorama,/f/14350454-logitech-c925e-1080p-fhd-webcam-with-integrated-privacy-shade-99-99-in-stock-now-from-adorama?src=catpagev2,Adorama,$99.99,https://slickdeals.net/computer-deals/?page=11
G.SKILL Ripjaws V Series 16GB (2x8GB) DDR4 3600 MHz XMP 2.0 Desktop Memory Kit @ $56.99 + F/S,/f/14350193-g-skill-ripjaws-v-series-16gb-2x8gb-ddr4-3600-mhz-xmp-2-0-desktop-memory-kit-56-99-f-s?src=catpagev2,Newegg,$56.99,https://slickdeals.net/computer-deals/?page=11
"Lenovo IdeaPad 5 14"" Laptop, AMD Ryzen 7 4700U Octa-Core Processor, 8GB Memory, 256GB Solid State Drive, Windows 10, Graphite Grey, 81YM0060US $589",/f/14349878-lenovo-ideapad-5-14-laptop-amd-ryzen-7-4700u-octa-core-processor-8gb-memory-256gb-solid-state-drive-windows-10-graphite-grey-81ym0060us-589?src=catpagev2,Walmart,$599,https://slickdeals.net/computer-deals/?page=11
"NETGEAR 8-Port Gigabit Smart Managed Plus Switch, 53w 4xPoE, ProSAFE Lifetime Protection (GS108PEv3), Grey, Model Number: GS108PE-300NAS  - $62.18",/f/14350418-netgear-8-port-gigabit-smart-managed-plus-switch-53w-4xpoe-prosafe-lifetime-protection-gs108pev3-grey-model-number-gs108pe-300nas-62-18?src=catpagev2,Amazon,$62.18,https://slickdeals.net/computer-deals/?page=11
Acer 27in Class Curved WQHD FreeSync Gaming Monitor $269.99,/f/14350364-acer-27in-class-curved-wqhd-freesync-gaming-monitor-269-99?src=catpagev2,Costco Wholesale,$269.99,https://slickdeals.net/computer-deals/?page=11
"Corsair Carbide Series 175R RGB Tempered Glass Mid-Tower ATX Gaming Case, Black $59.99",/f/14348600-corsair-carbide-series-175r-rgb-tempered-glass-mid-tower-atx-gaming-case-black-59-99?src=catpagev2,Amazon,$59.99,https://slickdeals.net/computer-deals/?page=11
OLOY 16GB (2x8GB) DDR4 3600 MHz (PC4 28800) CL18 Desktop Memory Kit @ $53.99 + F/S,/f/14350208-oloy-16gb-2x8gb-ddr4-3600-mhz-pc4-28800-cl18-desktop-memory-kit-53-99-f-s?src=catpagev2,Newegg,$53.99,https://slickdeals.net/computer-deals/?page=11
ADATA XPG SX8200 Pro 1TB NVMe  R/W 3500/3000MB/s $120,/f/14349314-adata-xpg-sx8200-pro-1tb-nvme-r-w-3500-3000mb-s-120?src=catpagev2,Amazon,$119.99,https://slickdeals.net/computer-deals/?page=11
"ASUS TUF Gaming 15.6"" FHD, AMD Ryzen 5 3550H, NVIDIA GeForce GTX 1650 Graphics, 8GB RAM, 256GB SSD, Stealth Black, FX505DT-WB52 $599",/f/14348036-asus-tuf-gaming-15-6-fhd-amd-ryzen-5-3550h-nvidia-geforce-gtx-1650-graphics-8gb-ram-256gb-ssd-stealth-black-fx505dt-wb52-599?src=catpagev2,Walmart,$599,https://slickdeals.net/computer-deals/?page=11
$44.99  Team T-FORCE VULCAN Z 16GB 288-Pin DDR4 SDRAM DDR4 3200 (PC4 25600),/f/14349593-44-99-team-t-force-vulcan-z-16gb-288-pin-ddr4-sdram-ddr4-3200-pc4-25600?src=catpagev2,Newegg,$44.99,https://slickdeals.net/computer-deals/?page=11
"PNY CS900 480GB 3D NAND 2.5"" SATA III Internal SSD $43.99",/f/14348159-pny-cs900-480gb-3d-nand-2-5-sata-iii-internal-ssd-43-99?src=catpagev2,,,https://slickdeals.net/computer-deals/?page=11
"Logitech MX anywhere 2s mouse buy 1 get 1 $40 off in store, two for $80",/f/14345687-logitech-mx-anywhere-2s-mouse-buy-1-get-1-40-off-in-store-two-for-80?src=catpagev2,Staples,$79.98,https://slickdeals.net/computer-deals/?page=11
QNAP TS-332X 3-Bay 64-bit NAS with Built-in 10GbE Network / 3x m.2@Newegg $289,/f/14347271-qnap-ts-332x-3-bay-64-bit-nas-with-built-in-10gbe-network-3x-m-2-newegg-289?src=catpagev2,Newegg,$289,https://slickdeals.net/computer-deals/?page=11
"Acer Nitro 5 Laptop: i5 9300H, 15.6"" 144Hz, 256GB SSD + 1TB HDD, 16GB DDR4, RTX 2060 $949.00 + Free S/H",/f/14346446-acer-nitro-5-laptop-i5-9300h-15-6-144hz-256gb-ssd-1tb-hdd-16gb-ddr4-rtx-2060-949-00-free-s-h?src=catpagev2,Walmart,$949,https://slickdeals.net/computer-deals/?page=11
Seagate Nytro 5000 SSD 1920GB 3D cMLC PCIe Gen3 x4 NVMe 1.2a M.2 22110 Internal Data Center SSD for $199.99 + FS,/f/14346260-seagate-nytro-5000-ssd-1920gb-3d-cmlc-pcie-gen3-x4-nvme-1-2a-m-2-22110-internal-data-center-ssd-for-199-99-fs?src=catpagev2,Newegg,,https://slickdeals.net/computer-deals/?page=11
Razer Sphex V2 Mini Gaming Mouse Pad: Ultra-Thin Form Factor - Optimized Gaming Surface - Polycarbonate Finish $8,/f/14346266-razer-sphex-v2-mini-gaming-mouse-pad-ultra-thin-form-factor-optimized-gaming-surface-polycarbonate-finish-8?src=catpagev2,Amazon,$8,https://slickdeals.net/computer-deals/?page=12
"50% Off All ZAGG InvisibleShield Glass+ Screen Protectors for iPhones, Samsung Galaxy, Pixel 3 - $9.99 + Free Shipping",/f/14345558-50-off-all-zagg-invisibleshield-glass-screen-protectors-for-iphones-samsung-galaxy-pixel-3-9-99-free-shipping?src=catpagev2,,$9.99,https://slickdeals.net/computer-deals/?page=12
"NETGEAR 8-Port Gigabit Ethernet Unmanaged Switch, 4xPoE (GS308P) for $52.99 AC + FS",/f/14346380-netgear-8-port-gigabit-ethernet-unmanaged-switch-4xpoe-gs308p-for-52-99-ac-fs?src=catpagev2,Newegg,,https://slickdeals.net/computer-deals/?page=12
Netgear Orbi Voice Smart Speaker & WiFi Mesh Extender $99 + $15 off if using Chase Rewards $91.58,/f/14346275-netgear-orbi-voice-smart-speaker-wifi-mesh-extender-99-15-off-if-using-chase-rewards-91-58?src=catpagev2,Amazon,$91.58,https://slickdeals.net/computer-deals/?page=12
"Acer ED272 Abix 27"" FHD 75Hz  IPS LED Monitor: $130 + FS @ TigerDirect $129.99",/f/14344697-acer-ed272-abix-27-fhd-75hz-ips-led-monitor-130-fs-tigerdirect-129-99?src=catpagev2,,$129.99,https://slickdeals.net/computer-deals/?page=12
MSI MAG X570 TOMAHAWK Wi-Fi AM4 SATA 6Gb/s ATX Motherboard $220,/f/14343368-msi-mag-x570-tomahawk-wi-fi-am4-sata-6gb-s-atx-motherboard-220?src=catpagev2,Adorama,$219.99,https://slickdeals.net/computer-deals/?page=12
Dark Matter Collider RGB Mechanical Gaming Keyboard (Cherry Red Switches),/f/14343374-dark-matter-collider-rgb-mechanical-gaming-keyboard-cherry-red-switches-57-12-free-shipping?src=catpagev2,,$57.10,https://slickdeals.net/computer-deals/?page=12
DIYPC DIY-A1-W White Tempered Glass USB 3.0 Mid Tower Case +$5 GC/AR@Newegg $40,/f/14344250-diypc-diy-a1-w-white-tempered-glass-usb-3-0-mid-tower-case-5-gc-ar-newegg-40?src=catpagev2,Newegg,$40,https://slickdeals.net/computer-deals/?page=12
64GB (2x 32) G.Skill Ripjaws DDR4 2666 SO-DIMM Laptop RAM kit @Newegg $180,/f/14344298-64gb-2x-32-g-skill-ripjaws-ddr4-2666-so-dimm-laptop-ram-kit-newegg-180?src=catpagev2,Newegg,$180,https://slickdeals.net/computer-deals/?page=12
2TB Seagate Firecuda 520 Gen4 NVMe SSD @Newegg $358 AC;  500GB / $99 AC,/f/14343941-2tb-seagate-firecuda-520-gen4-nvme-ssd-newegg-358-ac-500gb-99-ac?src=catpagev2,Newegg,$358,https://slickdeals.net/computer-deals/?page=12
CORSAIR Vengeance RGB Pro 64GB (2 x 32GB) 288-Pin DDR4 SDRAM DDR4 3200 (PC4 25600) Intel XMP 2.0 Desktop Memory - $259.99 + FS,/f/14344172-corsair-vengeance-rgb-pro-64gb-2-x-32gb-288-pin-ddr4-sdram-ddr4-3200-pc4-25600-intel-xmp-2-0-desktop-memory-259-99-fs?src=catpagev2,Newegg,,https://slickdeals.net/computer-deals/?page=12
Asus TUF GAMING X570-PLUS AM4 ATX Desktop Motherboard $147.49,/f/14343632-asus-tuf-gaming-x570-plus-am4-atx-desktop-motherboard-147-49?src=catpagev2,Staples,$147.49,https://slickdeals.net/computer-deals/?page=12
LG 24M47VQ 24-Inch LED-lit Monitor Black $99.99 + FSSS,/f/14341604-lg-24m47vq-24-inch-led-lit-monitor-black-99-99-fsss?src=catpagev2,Amazon,$99.99,https://slickdeals.net/computer-deals/?page=12
"Target: Apply for a new RedCard, Get One-Time Coupon",/f/14340710-target-apply-for-a-new-redcard-get-40-off-40-after-approval-valid-9-13-10-10?src=catpagev2,Target,$40 Off $40+,https://slickdeals.net/computer-deals/?page=12
"Ebay - Lenovo IdeaCentre 5i, i3-10100, UHD Graphics 630, 8GB, 2TB HDD, Win 10 Home  $423.99",/f/14342768-ebay-lenovo-ideacentre-5i-i3-10100-uhd-graphics-630-8gb-2tb-hdd-win-10-home-423-99?src=catpagev2,eBay,$423.99,https://slickdeals.net/computer-deals/?page=12
32GB G.SKILL Ripjaws Series SO-DIMM DDR4 3200 Laptop RAM module @Newegg $110,/f/14341826-32gb-g-skill-ripjaws-series-so-dimm-ddr4-3200-laptop-ram-module-newegg-110?src=catpagev2,Newegg,$110,https://slickdeals.net/computer-deals/?page=12
BestBuy Mystery Rewards Email (YMMV),/f/14341949-bestbuy-mystery-rewards-email-ymmv?src=catpagev2,,,https://slickdeals.net/computer-deals/?page=12
ASUS P10S-I Mini ITX Server Motherboard LGA 1151 Intel C232 $90.99 Free Shipping,/f/14341256-asus-p10s-i-mini-itx-server-motherboard-lga-1151-intel-c232-90-99-free-shipping?src=catpagev2,,$90.99,https://slickdeals.net/computer-deals/?page=12
"Lenovo Thinkpad T14: 14'' FHD 400 Nits IPS, Ryzen 7 4750U, 16GB DDR4, 128GB PCIe SSD, IR & Fingerprint Reader, Win10H @ $1035.10 + F/S",/f/14340173-lenovo-thinkpad-t14-14-fhd-400-nits-ips-ryzen-7-4750u-16gb-ddr4-128gb-pcie-ssd-ir-fingerprint-reader-win10h-1035-10-f-s?src=catpagev2,,"$1,035.10",https://slickdeals.net/computer-deals/?page=12
intel Core i7-10700K Comet Lake 3.8GHz Eight-Core LGA 1200 Boxed Processor (Marvel Avengers Special Edition) $349.99 YMMV + Game Included YMMV,/f/14340605-intel-core-i7-10700k-comet-lake-3-8ghz-eight-core-lga-1200-boxed-processor-marvel-avengers-special-edition-349-99-ymmv-game-included-ymmv?src=catpagev2,,$349.99,https://slickdeals.net/computer-deals/?page=12
"CAISON Genuine Leather Laptop Sleeve- 39.99 (13"" macbook pro and macbook air and other sizes) $39.99",/f/14341016-caison-genuine-leather-laptop-sleeve-39-99-13-quot-macbook-pro-and-macbook-air-and-other-sizes-39-99?src=catpagev2,Amazon,$39.99,https://slickdeals.net/computer-deals/?page=12
"Anker 7-in-1 USB-C to HDMI Hub w/ 100W PD, microSD/SD Card Reader + 2x USB 3.0",/f/14339081-anker-7-in-1-usb-c-to-hdmi-hub-w-100w-pd-microsd-sd-card-reader-2x-usb-3-0-25-50-free-shipping?src=catpagev2,Amazon,$25.50,https://slickdeals.net/computer-deals/?page=12
Gigabyte B550 AORUS PRO ($164.99) +Free Shipping,/f/14339027-gigabyte-b550-aorus-pro-164-99-free-shipping?src=catpagev2,Newegg,$164.99,https://slickdeals.net/computer-deals/?page=12
WD Purple 4TB Surveillance Hard Disk Drive $95,/f/14338481-wd-purple-4tb-surveillance-hard-disk-drive-95?src=catpagev2,Newegg,$99.99,https://slickdeals.net/computer-deals/?page=12
Sonance In-ceiling Speaker pair $150,/f/14339153-sonance-in-ceiling-speaker-pair-150?src=catpagev2,Best Buy,$150,https://slickdeals.net/computer-deals/?page=12
Sony 32GB CFast 2.0 G Series Memory Card (2-Pack) with Blackjet VX-1C Card Reader $170,/f/14339807-sony-32gb-cfast-2-0-g-series-memory-card-2-pack-with-blackjet-vx-1c-card-reader-170?src=catpagev2,B&H Photo Video,$170,https://slickdeals.net/computer-deals/?page=12
Best Buy Credit Card Holders - Mystery Reward YMMV,/f/14338508-best-buy-credit-card-holders-mystery-reward-ymmv?src=catpagev2,Best Buy,$225,https://slickdeals.net/computer-deals/?page=12
"Gateway 14.1"" FHD Ultra Slim Notebook, AMD Ryzen 3 3200U, 4GB RAM, 128GB SSD $349.99",/f/14337956-gateway-14-1-fhd-ultra-slim-notebook-amd-ryzen-3-3200u-4gb-ram-128gb-ssd-349-99?src=catpagev2,Walmart,$349.99,https://slickdeals.net/computer-deals/?page=12
